transaction_id,user_id,amount,description,transaction_time,location,device_id,created_at,category,final_category
1,3,450.0,ZMT ORD,2025-01-10 13:22:11,Delhi,ANDROID_A1,2025-01-10 13:22:13,Food,Food
2,5,1200.0,SWIG INST,2025-01-11 20:45:09,Mumbai,ANDROID_B2,2025-01-11 20:45:11,Food,Food
3,7,299.0,NFLS,2025-01-12 09:15:44,Bangalore,IPHONE_X,2025-01-12 09:15:46,Subscriptions,Subscriptions
4,9,149.0,SPTFY,2025-01-12 18:10:22,Pune,ANDROID_A1,2025-01-12 18:10:24,Subscriptions,Subscriptions
5,12,2200.0,UBR TRIP,2025-01-13 08:55:01,Delhi,IPHONE_Y,2025-01-13 08:55:03,Travel,Travel
6,14,1800.0,OLA CABS,2025-01-13 22:40:33,Mumbai,ANDROID_B2,2025-01-13 22:40:35,Travel,Travel
7,4,3200.0,AMZN MKTP,2025-01-14 11:30:20,Bangalore,ANDROID_A1,2025-01-14 11:30:22,Shopping,Shopping
8,6,2100.0,FLPKRT,2025-01-14 19:50:12,Pune,IPHONE_X,2025-01-14 19:50:14,Shopping,Shopping
9,8,500.0,MOV TIX,2025-01-15 16:05:55,Delhi,ANDROID_B2,2025-01-15 16:05:57,Entertainment,Entertainment
10,10,650.0,PVR CIN,2025-01-15 21:10:48,Mumbai,ANDROID_A1,2025-01-15 21:10:50,Entertainment,Entertainment
11,11,499.0,BOOKMY,2025-01-16 14:20:09,Bangalore,IPHONE_Y,2025-01-16 14:20:11,Entertainment,Entertainment
12,15,320.0,SWIGGY #123,2025-01-16 20:35:44,Pune,ANDROID_B2,2025-01-16 20:35:46,Food,Food
13,18,270.0,ZOM FOOD,2025-01-17 13:00:17,Delhi,ANDROID_A1,2025-01-17 13:00:19,Food,Food
14,20,399.0,PRIME VID,2025-01-17 09:40:55,Mumbai,IPHONE_X,2025-01-17 09:40:57,Subscriptions,Subscriptions
15,22,1299.0,AMAZON PAY,2025-01-18 12:10:31,Bangalore,ANDROID_B2,2025-01-18 12:10:33,Shopping,Shopping
16,25,1750.0,FKRT BUY,2025-01-18 18:25:42,Pune,ANDROID_A1,2025-01-18 18:25:44,Shopping,Shopping
17,27,90.0,UPI DR,2025-01-19 10:05:03,Delhi,ANDROID_B2,2025-01-19 10:05:05,Other,Other
18,29,120.0,BANK TX,2025-01-19 11:15:36,Mumbai,IPHONE_Y,2025-01-19 11:15:38,Other,Other
19,30,260.0,MISC PAY,2025-01-20 15:55:22,Bangalore,ANDROID_A1,2025-01-20 15:55:24,Other,Other
20,2,540.0,UBR#TX,2025-01-20 21:10:14,Pune,ANDROID_B2,2025-01-20 21:10:16,Travel,Travel
21,4,310.0,ZMT*DEL,2025-01-21 13:15:42,Delhi,ANDROID_A1,2025-01-21 13:15:44,Food,Food
22,6,980.0,SWIG INST,2025-01-21 19:40:11,Mumbai,ANDROID_B2,2025-01-21 19:40:13,Food,Food
23,8,349.0,NFLS,2025-01-22 08:55:27,Bangalore,IPHONE_X,2025-01-22 08:55:29,Subscriptions,Subscriptions
24,9,149.0,SPOT SUB,2025-01-22 22:10:05,Pune,ANDROID_A1,2025-01-22 22:10:07,Subscriptions,Subscriptions
25,11,2200.0,UBER *RIDE,2025-01-23 09:05:31,Delhi,IPHONE_Y,2025-01-23 09:05:33,Travel,Travel
26,13,1600.0,RPD AUTO,2025-01-23 18:45:18,Mumbai,ANDROID_B2,2025-01-23 18:45:20,Travel,Travel
27,15,3400.0,AMZN*ORD,2025-01-24 12:20:49,Bangalore,ANDROID_A1,2025-01-24 12:20:51,Shopping,Shopping
28,16,1999.0,FLPKRT,2025-01-24 20:05:36,Pune,IPHONE_X,2025-01-24 20:05:38,Shopping,Shopping
29,18,520.0,INOX,2025-01-25 16:35:44,Delhi,ANDROID_B2,2025-01-25 16:35:46,Entertainment,Entertainment
30,19,750.0,MOVIE TKT,2025-01-25 21:25:58,Mumbai,ANDROID_A1,2025-01-25 21:26:00,Entertainment,Entertainment
31,20,299.0,BOOKMY,2025-01-26 14:10:12,Bangalore,IPHONE_Y,2025-01-26 14:10:14,Entertainment,Entertainment
32,21,410.0,SWIGGY #123,2025-01-26 19:55:03,Pune,ANDROID_B2,2025-01-26 19:55:05,Food,Food
33,22,260.0,ZOM FOOD,2025-01-27 13:05:47,Delhi,ANDROID_A1,2025-01-27 13:05:49,Food,Food
34,23,399.0,NETFLX,2025-01-27 09:35:29,Mumbai,IPHONE_X,2025-01-27 09:35:31,Subscriptions,Subscriptions
35,24,1299.0,PRIME VID,2025-01-28 12:15:54,Bangalore,ANDROID_B2,2025-01-28 12:15:56,Subscriptions,Subscriptions
36,25,2450.0,AMAZON PAY,2025-01-28 18:30:41,Pune,ANDROID_A1,2025-01-28 18:30:43,Shopping,Shopping
37,26,1800.0,FKRT BUY,2025-01-29 20:10:22,Delhi,ANDROID_B2,2025-01-29 20:10:24,Shopping,Shopping
38,27,120.0,UPI DR,2025-01-29 10:25:09,Mumbai,IPHONE_Y,2025-01-29 10:25:11,Other,Other
39,28,95.0,BANK TX,2025-01-30 11:40:36,Bangalore,ANDROID_A1,2025-01-30 11:40:38,Other,Other
40,29,310.0,MISC PAY,2025-01-30 15:50:18,Pune,ANDROID_B2,2025-01-30 15:50:20,Other,Other
41,30,600.0,UBR#TX,2025-01-31 21:05:44,Delhi,ANDROID_A1,2025-01-31 21:05:46,Travel,Travel
42,2,480.0,ZMT ORD,2025-02-01 13:20:33,Mumbai,ANDROID_B2,2025-02-01 13:20:35,Food,Food
43,3,1050.0,SWIG INST,2025-02-01 19:35:57,Bangalore,IPHONE_X,2025-02-01 19:35:59,Food,Food
44,4,299.0,NFLS,2025-02-02 08:50:21,Pune,ANDROID_A1,2025-02-02 08:50:23,Subscriptions,Subscriptions
45,5,149.0,SPTFY,2025-02-02 22:05:14,Delhi,ANDROID_B2,2025-02-02 22:05:16,Subscriptions,Subscriptions
46,6,2100.0,OLA CABS,2025-02-03 09:00:08,Mumbai,IPHONE_Y,2025-02-03 09:00:10,Travel,Travel
47,7,3300.0,AMZN MKTP,2025-02-03 12:45:39,Bangalore,ANDROID_A1,2025-02-03 12:45:41,Shopping,Shopping
48,8,1750.0,FLPKRT,2025-02-03 20:15:52,Pune,IPHONE_X,2025-02-03 20:15:54,Shopping,Shopping
49,9,540.0,MOV TIX,2025-02-04 16:00:27,Delhi,ANDROID_B2,2025-02-04 16:00:29,Entertainment,Entertainment
50,10,690.0,PVR CIN,2025-02-04 21:30:18,Mumbai,ANDROID_A1,2025-02-04 21:30:20,Entertainment,Entertainment
51,11,315.0,BOOKMY,2025-02-05 14:05:46,Bangalore,IPHONE_Y,2025-02-05 14:05:48,Entertainment,Entertainment
52,12,370.0,SWIGGY #123,2025-02-05 19:50:02,Pune,ANDROID_B2,2025-02-05 19:50:04,Food,Food
53,13,255.0,ZOM FOOD,2025-02-06 13:10:19,Delhi,ANDROID_A1,2025-02-06 13:10:21,Food,Food
54,14,399.0,NETFLX,2025-02-06 09:25:33,Mumbai,IPHONE_X,2025-02-06 09:25:35,Subscriptions,Subscriptions
55,15,1299.0,PRIME VID,2025-02-07 12:35:11,Bangalore,ANDROID_B2,2025-02-07 12:35:13,Subscriptions,Subscriptions
56,16,2600.0,AMAZON PAY,2025-02-07 18:40:57,Pune,ANDROID_A1,2025-02-07 18:40:59,Shopping,Shopping
57,17,1900.0,FKRT BUY,2025-02-08 20:05:26,Delhi,ANDROID_B2,2025-02-08 20:05:28,Shopping,Shopping
58,18,110.0,UPI DR,2025-02-08 10:15:44,Mumbai,IPHONE_Y,2025-02-08 10:15:46,Other,Other
59,19,130.0,BANK TX,2025-02-09 11:35:08,Bangalore,ANDROID_A1,2025-02-09 11:35:10,Other,Other
60,20,290.0,MISC PAY,2025-02-09 15:45:52,Pune,ANDROID_B2,2025-02-09 15:45:54,Other,Other
61,21,580.0,UBR TRIP,2025-02-10 21:10:34,Delhi,ANDROID_A1,2025-02-10 21:10:36,Travel,Travel
62,22,420.0,ZMT ORD,2025-02-11 13:25:19,Mumbai,ANDROID_B2,2025-02-11 13:25:21,Food,Food
63,23,990.0,SWIG INST,2025-02-11 19:30:47,Bangalore,IPHONE_X,2025-02-11 19:30:49,Food,Food
64,24,299.0,NFLS,2025-02-12 08:45:03,Pune,ANDROID_A1,2025-02-12 08:45:05,Subscriptions,Subscriptions
65,25,149.0,SPTFY,2025-02-12 22:00:26,Delhi,ANDROID_B2,2025-02-12 22:00:28,Subscriptions,Subscriptions
66,26,2150.0,UBER *RIDE,2025-02-13 09:10:58,Mumbai,IPHONE_Y,2025-02-13 09:11:00,Travel,Travel
67,27,3500.0,AMZN*ORD,2025-02-13 12:55:41,Bangalore,ANDROID_A1,2025-02-13 12:55:43,Shopping,Shopping
68,28,1850.0,FLPKRT,2025-02-13 20:20:37,Pune,IPHONE_X,2025-02-13 20:20:39,Shopping,Shopping
69,29,510.0,MOVIE TKT,2025-02-14 16:10:12,Delhi,ANDROID_B2,2025-02-14 16:10:14,Entertainment,Entertainment
70,30,720.0,PVR CIN,2025-02-14 21:35:55,Mumbai,ANDROID_A1,2025-02-14 21:35:57,Entertainment,Entertainment
71,9,404.0,FLPKRT,2026-01-12 16:48:29,Hyderabad,IPHONE_Y,2026-01-12 16:48:31,,Shopping
72,20,2074.0,MISC PAY,2025-12-12 18:13:22,Bangalore,ANDROID_B2,2025-12-12 18:13:24,,Other
73,11,1181.0,FKRT BUY,2026-02-02 08:15:46,Pune,ANDROID_B2,2026-02-02 08:15:48,,Shopping
74,16,2695.0,PVR CIN,2026-02-10 23:05:18,Mumbai,IPHONE_Y,2026-02-10 23:05:20,,Entertainment
75,13,2432.0,UPI DR,2025-12-04 19:33:22,Pune,IPHONE_Y,2025-12-04 19:33:24,,Other
76,24,1908.0,INOX,2026-01-11 16:14:07,Mumbai,IPHONE_X,2026-01-11 16:14:09,,Subscriptions
77,11,2876.0,ZMT*DEL,2026-01-16 13:47:30,Bangalore,ANDROID_B2,2026-01-16 13:47:32,,Food
78,24,461.0,MOVIE TKT,2026-01-14 14:23:11,Bangalore,IPHONE_X,2026-01-14 14:23:13,,Entertainment
79,1,273.0,UPI DR,2025-11-23 17:55:48,Pune,ANDROID_B2,2025-11-23 17:55:50,,Other
80,4,2010.0,ZMT*DEL,2026-01-20 22:03:16,Pune,IPHONE_X,2026-01-20 22:03:18,,Food
81,4,2413.0,SWIGGY #123,2026-01-24 09:51:36,Bangalore,ANDROID_B2,2026-01-24 09:51:38,,Food
82,3,1754.0,UBR TRIP,2025-12-17 15:58:28,Bangalore,IPHONE_Y,2025-12-17 15:58:30,,Travel
83,28,2593.0,BOOKMY,2026-01-17 09:40:13,Bangalore,ANDROID_A1,2026-01-17 09:40:15,,Entertainment
84,22,2310.0,SWIG INST,2026-02-12 10:26:28,Hyderabad,ANDROID_B2,2026-02-12 10:26:30,,Food
85,16,2945.0,AMZN MKTP,2026-02-03 17:43:14,Bangalore,IPHONE_Y,2026-02-03 17:43:16,,Shopping
86,26,2280.0,UPI DR,2026-01-09 15:52:09,Delhi,ANDROID_B2,2026-01-09 15:52:11,,Other
87,2,3426.0,UBER *RIDE,2026-01-28 17:29:44,Bangalore,IPHONE_Y,2026-01-28 17:29:46,,Travel
88,23,2072.0,NETFLX,2025-11-28 22:02:56,Pune,ANDROID_A1,2025-11-28 22:02:58,,Subscriptions
89,24,424.0,FKRT BUY,2025-11-18 15:52:17,Hyderabad,ANDROID_A1,2025-11-18 15:52:19,,Shopping
90,2,1861.0,RPD AUTO,2025-11-30 16:27:40,Pune,ANDROID_B2,2025-11-30 16:27:42,,Subscriptions
91,3,1365.0,NETFLX,2026-01-01 11:26:44,Pune,ANDROID_B2,2026-01-01 11:26:46,,Subscriptions
92,10,2303.0,MISC PAY,2026-02-01 09:20:16,Bangalore,IPHONE_Y,2026-02-01 09:20:18,,Other
93,4,54.0,PRIME VID,2026-02-06 22:12:33,Bangalore,IPHONE_Y,2026-02-06 22:12:35,,Subscriptions
94,20,883.0,SPOT SUB,2026-01-07 16:28:56,Pune,ANDROID_B2,2026-01-07 16:28:58,,Subscriptions
95,4,2957.0,ZMT*DEL,2025-12-04 13:00:35,Pune,IPHONE_X,2025-12-04 13:00:37,,Food
96,3,531.0,UBR TRIP,2026-01-06 12:32:45,Bangalore,IPHONE_Y,2026-01-06 12:32:47,,Travel
97,14,2307.0,SPOT SUB,2026-01-19 12:58:38,Hyderabad,IPHONE_Y,2026-01-19 12:58:40,,Subscriptions
98,24,3285.0,UBR TRIP,2025-12-10 21:17:52,Delhi,IPHONE_X,2025-12-10 21:17:54,,Travel
99,10,2425.0,BANK TX,2025-12-17 23:34:30,Bangalore,ANDROID_B2,2025-12-17 23:34:32,,Other
100,11,1368.0,MOVIE TKT,2025-12-01 14:24:14,Pune,ANDROID_B2,2025-12-01 14:24:16,,Entertainment
101,2,3373.0,AMZN*ORD,2025-11-20 20:50:52,Mumbai,IPHONE_Y,2025-11-20 20:50:54,,Shopping
102,16,2467.0,SWIG INST,2025-12-18 18:06:33,Pune,ANDROID_A1,2025-12-18 18:06:35,,Food
103,1,2731.0,UPI DR,2025-12-14 12:50:16,Bangalore,ANDROID_A1,2025-12-14 12:50:18,,Other
104,20,1395.0,MISC PAY,2025-11-24 20:45:56,Pune,IPHONE_X,2025-11-24 20:45:58,,Other
105,28,1011.0,MOV TIX,2026-02-01 17:27:06,Delhi,ANDROID_B2,2026-02-01 17:27:08,,Entertainment
106,15,238.0,UBER *RIDE,2026-01-06 18:22:23,Pune,ANDROID_A1,2026-01-06 18:22:25,,Travel
107,5,2842.0,UBR#TX,2026-01-21 13:05:39,Pune,ANDROID_B2,2026-01-21 13:05:41,,Travel
108,20,2438.0,UPI DR,2025-12-15 12:40:16,Pune,ANDROID_B2,2025-12-15 12:40:18,,Other
109,9,1955.0,UNKNOWN TXN,2026-02-03 17:28:22,Hyderabad,ANDROID_B2,2026-02-03 17:28:24,,Subscriptions
110,10,1921.0,MISC PAY,2025-12-25 17:54:30,Delhi,ANDROID_B2,2025-12-25 17:54:32,,Other
111,8,1261.0,PRIME VID,2025-11-20 17:25:17,Delhi,ANDROID_A1,2025-11-20 17:25:19,,Subscriptions
112,19,3102.0,UNKNOWN TXN,2026-01-14 23:38:51,Bangalore,IPHONE_X,2026-01-14 23:38:53,,Subscriptions
113,8,2826.0,UPI DR,2025-11-24 12:41:02,Bangalore,ANDROID_A1,2025-11-24 12:41:04,,Other
114,26,3049.0,NFLS,2026-01-06 12:20:47,Pune,ANDROID_A1,2026-01-06 12:20:49,,Subscriptions
115,6,1548.0,OLA CABS,2026-01-11 16:58:52,Pune,ANDROID_B2,2026-01-11 16:58:54,,Travel
116,26,1968.0,AMAZON PAY,2026-01-15 10:55:43,Pune,ANDROID_B2,2026-01-15 10:55:45,,Shopping
117,28,1666.0,INOX,2025-12-06 08:07:29,Bangalore,IPHONE_X,2025-12-06 08:07:31,,Subscriptions
118,22,3418.0,BANK TX,2025-11-18 19:14:30,Delhi,ANDROID_A1,2025-11-18 19:14:32,,Other
119,20,956.0,INOX,2025-11-15 10:19:41,Pune,IPHONE_Y,2025-11-15 10:19:43,,Subscriptions
120,4,1296.0,UBR TRIP,2026-01-31 23:15:56,Hyderabad,ANDROID_A1,2026-01-31 23:15:58,,Travel
121,5,3093.0,SPOT SUB,2025-12-21 21:41:06,Pune,ANDROID_B2,2025-12-21 21:41:08,,Subscriptions
122,20,49283.0,NETFLX,2025-12-18 02:15:54,Bangalore,NEW_DEVICE_4,2025-12-18 02:15:56,,Subscriptions
123,4,2691.0,BANK TX,2025-12-24 19:17:12,Delhi,ANDROID_A1,2025-12-24 19:17:14,,Other
124,28,2678.0,NFLS,2026-01-01 08:15:08,Hyderabad,ANDROID_A1,2026-01-01 08:15:10,,Subscriptions
125,7,934.0,ZMT*DEL,2026-01-25 15:50:57,Hyderabad,IPHONE_X,2026-01-25 15:50:59,,Food
126,1,2262.0,FLPKRT,2026-01-29 16:42:55,Delhi,ANDROID_B2,2026-01-29 16:42:57,,Shopping
127,5,1024.0,ZOM FOOD,2026-01-21 18:16:03,Mumbai,ANDROID_A1,2026-01-21 18:16:05,,Food
128,24,310.0,PRIME VID,2025-12-28 23:32:37,Delhi,IPHONE_Y,2025-12-28 23:32:39,,Subscriptions
129,15,227.0,PVR CIN,2025-11-22 17:01:03,Pune,IPHONE_Y,2025-11-22 17:01:05,,Entertainment
130,28,2058.0,SPOT SUB,2026-02-02 22:20:38,Mumbai,ANDROID_A1,2026-02-02 22:20:40,,Subscriptions
131,3,2447.0,UBER *RIDE,2025-11-28 18:33:18,Pune,IPHONE_Y,2025-11-28 18:33:20,,Travel
132,17,2924.0,BOOKMY,2025-12-19 11:28:56,Mumbai,ANDROID_B2,2025-12-19 11:28:58,,Entertainment
133,14,3038.0,AMZN*ORD,2025-12-20 11:20:42,Bangalore,IPHONE_X,2025-12-20 11:20:44,,Shopping
134,12,30594.0,RPD AUTO,2026-01-31 01:47:47,Bangalore,NEW_DEVICE_4,2026-01-31 01:47:49,,Subscriptions
135,26,61804.0,UBR#TX,2025-12-22 03:22:55,Pune,NEW_DEVICE_1,2025-12-22 03:22:57,,Travel
136,28,2509.0,UNKNOWN TXN,2026-01-30 17:36:32,Mumbai,IPHONE_X,2026-01-30 17:36:34,,Subscriptions
137,5,493.0,MISC PAY,2026-01-29 19:48:17,Hyderabad,IPHONE_X,2026-01-29 19:48:19,,Other
138,8,3402.0,PRIME VID,2026-02-09 08:11:17,Bangalore,IPHONE_X,2026-02-09 08:11:19,,Subscriptions
139,30,34388.0,AMAZON PAY,2026-01-25 04:47:40,Delhi,NEW_DEVICE_1,2026-01-25 04:47:42,,Shopping
140,3,1908.0,UPI DR,2025-12-27 18:19:46,Bangalore,ANDROID_B2,2025-12-27 18:19:48,,Other
141,25,265.0,MOVIE TKT,2025-11-25 12:03:43,Delhi,ANDROID_B2,2025-11-25 12:03:45,,Entertainment
142,9,1860.0,SPOT SUB,2026-01-16 21:48:32,Delhi,IPHONE_X,2026-01-16 21:48:34,,Subscriptions
143,12,2829.0,NFLS,2026-02-07 23:14:25,Hyderabad,IPHONE_X,2026-02-07 23:14:27,,Subscriptions
144,2,915.0,SWIG INST,2026-01-06 12:20:07,Delhi,IPHONE_X,2026-01-06 12:20:09,,Food
145,16,1607.0,MISC PAY,2026-02-03 15:25:55,Delhi,IPHONE_X,2026-02-03 15:25:57,,Other
146,14,1332.0,SWIGGY #123,2025-11-23 21:26:18,Delhi,IPHONE_Y,2025-11-23 21:26:20,,Food
147,13,2581.0,ZOM FOOD,2026-02-01 22:27:54,Delhi,IPHONE_X,2026-02-01 22:27:56,,Food
148,8,372.0,PRIME VID,2025-12-31 20:14:21,Mumbai,IPHONE_X,2025-12-31 20:14:23,,Subscriptions
149,3,844.0,MOV TIX,2025-11-22 19:52:09,Mumbai,IPHONE_X,2025-11-22 19:52:11,,Entertainment
150,4,2517.0,UBER *RIDE,2026-01-21 12:49:40,Pune,ANDROID_A1,2026-01-21 12:49:42,,Travel
151,15,2362.0,MOVIE TKT,2026-01-24 18:28:04,Pune,IPHONE_X,2026-01-24 18:28:06,,Entertainment
152,15,2472.0,BANK TX,2025-12-10 09:04:19,Pune,IPHONE_X,2025-12-10 09:04:21,,Other
153,15,1225.0,ZMT ORD,2025-11-26 10:38:32,Pune,ANDROID_A1,2025-11-26 10:38:34,,Food
154,15,3076.0,MOVIE TKT,2025-12-01 09:41:12,Bangalore,IPHONE_Y,2025-12-01 09:41:14,,Entertainment
155,20,303.0,PRIME VID,2025-12-31 22:45:05,Hyderabad,ANDROID_A1,2025-12-31 22:45:07,,Subscriptions
156,21,1843.0,UBR TRIP,2025-12-28 22:23:58,Bangalore,ANDROID_B2,2025-12-28 22:24:00,,Travel
157,13,264.0,NETFLX,2026-01-01 18:06:35,Pune,ANDROID_A1,2026-01-01 18:06:37,,Subscriptions
158,10,1415.0,FKRT BUY,2025-12-30 10:19:41,Pune,ANDROID_B2,2025-12-30 10:19:43,,Shopping
159,5,1592.0,MOV TIX,2025-11-19 18:44:53,Hyderabad,ANDROID_B2,2025-11-19 18:44:55,,Entertainment
160,3,124.0,MISC PAY,2026-01-20 19:13:21,Pune,IPHONE_X,2026-01-20 19:13:23,,Other
161,7,1261.0,OLA CABS,2025-11-20 11:21:56,Hyderabad,ANDROID_A1,2025-11-20 11:21:58,,Travel
162,5,790.0,BOOKMY,2026-02-07 13:26:23,Mumbai,IPHONE_Y,2026-02-07 13:26:25,,Entertainment
163,15,3260.0,INOX,2025-12-06 22:15:19,Pune,ANDROID_B2,2025-12-06 22:15:21,,Subscriptions
164,29,2386.0,UBER *RIDE,2026-01-07 22:49:24,Hyderabad,IPHONE_Y,2026-01-07 22:49:26,,Travel
165,17,3331.0,SPTFY,2026-02-06 12:41:30,Bangalore,IPHONE_X,2026-02-06 12:41:32,,Subscriptions
166,18,1217.0,ZMT*DEL,2026-01-09 10:28:57,Hyderabad,ANDROID_B2,2026-01-09 10:28:59,,Food
167,5,959.0,NFLS,2026-02-09 22:26:03,Pune,IPHONE_X,2026-02-09 22:26:05,,Subscriptions
168,17,384.0,FLPKRT,2026-02-09 19:20:59,Delhi,ANDROID_B2,2026-02-09 19:21:01,,Shopping
169,27,613.0,BANK TX,2025-12-14 09:44:53,Mumbai,IPHONE_X,2025-12-14 09:44:55,,Other
170,25,71.0,MISC PAY,2026-01-11 10:13:53,Mumbai,ANDROID_A1,2026-01-11 10:13:55,,Other
171,18,1230.0,MISC PAY,2026-01-28 15:03:15,Pune,IPHONE_X,2026-01-28 15:03:17,,Other
172,21,57756.0,BOOKMY,2025-12-01 01:15:45,Mumbai,NEW_DEVICE_5,2025-12-01 01:15:47,,Entertainment
173,10,1035.0,NFLS,2025-11-19 21:42:05,Hyderabad,ANDROID_B2,2025-11-19 21:42:07,,Subscriptions
174,12,3271.0,ZMT*DEL,2025-12-14 08:02:40,Pune,IPHONE_Y,2025-12-14 08:02:42,,Food
175,12,326.0,AMZN MKTP,2025-11-20 19:40:06,Hyderabad,ANDROID_B2,2025-11-20 19:40:08,,Shopping
176,24,60783.0,FLPKRT,2025-11-17 03:29:44,Pune,NEW_DEVICE_2,2025-11-17 03:29:46,,Shopping
177,21,54994.0,OLA CABS,2026-01-18 01:02:50,Mumbai,NEW_DEVICE_3,2026-01-18 01:02:52,,Travel
178,29,2161.0,ZOM FOOD,2026-01-11 20:02:48,Mumbai,IPHONE_Y,2026-01-11 20:02:50,,Food
179,10,1409.0,AMZN MKTP,2025-12-27 16:27:56,Pune,ANDROID_A1,2025-12-27 16:27:58,,Shopping
180,24,815.0,SPOT SUB,2025-12-27 23:59:51,Hyderabad,IPHONE_Y,2025-12-27 23:59:53,,Subscriptions
181,9,2517.0,SWIGGY #123,2026-01-02 13:06:05,Bangalore,IPHONE_X,2026-01-02 13:06:07,,Food
182,22,2989.0,AMAZON PAY,2025-11-16 21:28:22,Pune,ANDROID_B2,2025-11-16 21:28:24,,Shopping
183,2,1831.0,BANK TX,2026-02-03 16:42:40,Pune,ANDROID_A1,2026-02-03 16:42:42,,Other
184,12,634.0,PVR CIN,2026-01-27 22:04:15,Bangalore,ANDROID_A1,2026-01-27 22:04:17,,Entertainment
185,12,35055.0,PRIME VID,2025-12-27 04:28:48,Delhi,NEW_DEVICE_3,2025-12-27 04:28:50,,Subscriptions
186,19,1337.0,UBR#TX,2026-01-29 16:01:47,Mumbai,ANDROID_B2,2026-01-29 16:01:49,,Travel
187,16,532.0,BOOKMY,2025-12-17 16:13:39,Bangalore,IPHONE_X,2025-12-17 16:13:41,,Entertainment
188,23,353.0,SPTFY,2025-12-18 22:05:51,Bangalore,ANDROID_B2,2025-12-18 22:05:53,,Subscriptions
189,22,1239.0,AMZN MKTP,2025-11-15 17:40:11,Bangalore,ANDROID_B2,2025-11-15 17:40:13,,Shopping
190,17,3294.0,UBR TRIP,2025-12-11 12:01:23,Hyderabad,ANDROID_B2,2025-12-11 12:01:25,,Travel
191,19,2309.0,AMZN*ORD,2026-02-04 12:19:25,Pune,ANDROID_A1,2026-02-04 12:19:27,,Shopping
192,17,352.0,SPOT SUB,2025-11-22 12:04:28,Pune,IPHONE_X,2025-11-22 12:04:30,,Subscriptions
193,22,3445.0,INOX,2025-12-19 13:32:58,Delhi,ANDROID_B2,2025-12-19 13:33:00,,Subscriptions
194,27,724.0,ZMT*DEL,2026-01-15 13:22:33,Bangalore,IPHONE_X,2026-01-15 13:22:35,,Food
195,28,2306.0,ZOM FOOD,2025-11-24 16:19:39,Hyderabad,ANDROID_B2,2025-11-24 16:19:41,,Food
196,3,2428.0,PVR CIN,2025-11-20 12:39:46,Hyderabad,ANDROID_B2,2025-11-20 12:39:48,,Entertainment
197,11,166.0,MOV TIX,2025-11-22 10:49:36,Bangalore,ANDROID_A1,2025-11-22 10:49:38,,Entertainment
198,21,2667.0,UBR#TX,2025-11-24 08:34:18,Bangalore,IPHONE_Y,2025-11-24 08:34:20,,Travel
199,16,348.0,RPD AUTO,2025-12-18 09:26:30,Pune,ANDROID_B2,2025-12-18 09:26:32,,Subscriptions
200,7,2992.0,FKRT BUY,2025-12-23 18:08:48,Bangalore,IPHONE_X,2025-12-23 18:08:50,,Shopping
201,17,1960.0,MOV TIX,2025-12-17 11:15:09,Delhi,IPHONE_X,2025-12-17 11:15:11,,Entertainment
202,2,1762.0,AMZN*ORD,2026-01-02 15:59:36,Bangalore,ANDROID_B2,2026-01-02 15:59:38,,Shopping
203,7,1962.0,RPD AUTO,2025-12-11 23:01:05,Pune,IPHONE_X,2025-12-11 23:01:07,,Subscriptions
204,17,1495.0,SPTFY,2026-01-07 09:31:38,Pune,ANDROID_A1,2026-01-07 09:31:40,,Subscriptions
205,10,1815.0,MOV TIX,2025-12-28 12:48:25,Bangalore,IPHONE_X,2025-12-28 12:48:27,,Entertainment
206,2,847.0,NFLS,2026-02-03 19:24:32,Pune,IPHONE_X,2026-02-03 19:24:34,,Subscriptions
207,25,2602.0,INOX,2026-01-31 11:25:23,Bangalore,ANDROID_B2,2026-01-31 11:25:25,,Subscriptions
208,18,2135.0,FLPKRT,2026-02-07 20:02:08,Bangalore,ANDROID_A1,2026-02-07 20:02:10,,Shopping
209,26,2533.0,PRIME VID,2025-11-26 12:20:10,Pune,IPHONE_X,2025-11-26 12:20:12,,Subscriptions
210,20,2127.0,BANK TX,2025-12-14 23:52:01,Bangalore,IPHONE_X,2025-12-14 23:52:03,,Other
211,11,2440.0,UNKNOWN TXN,2025-11-28 17:30:16,Hyderabad,ANDROID_A1,2025-11-28 17:30:18,,Subscriptions
212,19,748.0,UBR TRIP,2025-11-17 20:15:02,Hyderabad,ANDROID_B2,2025-11-17 20:15:04,,Travel
213,23,45558.0,SWIG INST,2025-12-22 04:44:13,Pune,NEW_DEVICE_2,2025-12-22 04:44:15,,Food
214,17,3063.0,BOOKMY,2025-12-08 09:13:35,Bangalore,ANDROID_B2,2025-12-08 09:13:37,,Entertainment
215,22,759.0,PRIME VID,2025-12-05 22:22:43,Bangalore,IPHONE_X,2025-12-05 22:22:45,,Subscriptions
216,20,1192.0,SPTFY,2026-01-05 17:49:18,Mumbai,ANDROID_B2,2026-01-05 17:49:20,,Subscriptions
217,23,1478.0,MISC PAY,2026-01-28 16:36:43,Hyderabad,IPHONE_X,2026-01-28 16:36:45,,Other
218,13,3345.0,NETFLX,2026-02-07 12:18:45,Delhi,IPHONE_X,2026-02-07 12:18:47,,Subscriptions
219,12,926.0,NETFLX,2025-12-03 14:44:17,Mumbai,IPHONE_X,2025-12-03 14:44:19,,Subscriptions
220,4,257.0,MOVIE TKT,2026-02-06 15:06:26,Bangalore,ANDROID_B2,2026-02-06 15:06:28,,Entertainment
221,23,613.0,NFLS,2025-12-22 08:41:59,Pune,ANDROID_B2,2025-12-22 08:42:01,,Subscriptions
222,16,1226.0,UPI DR,2025-11-22 18:03:58,Delhi,IPHONE_X,2025-11-22 18:04:00,,Other
223,21,3011.0,PVR CIN,2025-12-21 09:56:53,Mumbai,ANDROID_B2,2025-12-21 09:56:55,,Entertainment
224,30,813.0,SWIGGY #123,2026-02-11 17:19:36,Hyderabad,ANDROID_A1,2026-02-11 17:19:38,,Food
225,4,2676.0,AMAZON PAY,2025-12-10 23:29:17,Mumbai,ANDROID_B2,2025-12-10 23:29:19,,Shopping
226,26,1929.0,ZOM FOOD,2026-02-11 16:47:21,Bangalore,ANDROID_B2,2026-02-11 16:47:23,,Food
227,19,2666.0,UPI DR,2025-12-09 20:20:05,Pune,IPHONE_Y,2025-12-09 20:20:07,,Other
228,22,2005.0,SWIG INST,2026-02-12 18:16:24,Mumbai,ANDROID_B2,2026-02-12 18:16:26,,Food
229,15,3010.0,AMAZON PAY,2025-11-21 08:23:44,Mumbai,IPHONE_X,2025-11-21 08:23:46,,Shopping
230,2,704.0,UNKNOWN TXN,2025-11-16 20:07:40,Bangalore,IPHONE_X,2025-11-16 20:07:42,,Subscriptions
231,12,597.0,PVR CIN,2025-12-16 23:47:38,Bangalore,ANDROID_B2,2025-12-16 23:47:40,,Entertainment
232,14,3334.0,MISC PAY,2025-11-17 14:48:38,Delhi,ANDROID_B2,2025-11-17 14:48:40,,Other
233,17,369.0,PRIME VID,2025-12-04 11:57:32,Mumbai,ANDROID_A1,2025-12-04 11:57:34,,Subscriptions
234,19,2181.0,PVR CIN,2025-11-17 22:13:45,Hyderabad,ANDROID_A1,2025-11-17 22:13:47,,Entertainment
235,16,277.0,ZMT*DEL,2025-12-09 22:26:29,Hyderabad,ANDROID_B2,2025-12-09 22:26:31,,Food
236,2,1312.0,BOOKMY,2026-01-11 08:52:00,Mumbai,IPHONE_Y,2026-01-11 08:52:02,,Entertainment
237,19,2918.0,ZMT ORD,2026-02-04 10:59:30,Delhi,ANDROID_A1,2026-02-04 10:59:32,,Food
238,10,3186.0,SPTFY,2025-12-26 21:28:55,Pune,IPHONE_X,2025-12-26 21:28:57,,Subscriptions
239,13,1474.0,ZMT*DEL,2025-12-06 11:25:33,Mumbai,ANDROID_B2,2025-12-06 11:25:35,,Food
240,24,1272.0,UBR TRIP,2025-12-06 22:24:52,Mumbai,IPHONE_Y,2025-12-06 22:24:54,,Travel
241,8,822.0,NETFLX,2025-11-20 11:26:39,Delhi,ANDROID_A1,2025-11-20 11:26:41,,Subscriptions
242,8,187.0,UBR TRIP,2026-01-12 22:47:02,Pune,ANDROID_A1,2026-01-12 22:47:04,,Travel
243,15,3228.0,UBR#TX,2025-12-10 09:18:14,Hyderabad,ANDROID_B2,2025-12-10 09:18:16,,Travel
244,11,3402.0,MOVIE TKT,2026-01-05 18:56:09,Hyderabad,ANDROID_B2,2026-01-05 18:56:11,,Entertainment
245,8,2330.0,NETFLX,2025-12-03 13:31:03,Bangalore,IPHONE_Y,2025-12-03 13:31:05,,Subscriptions
246,21,1355.0,MISC PAY,2026-01-24 21:19:24,Mumbai,IPHONE_Y,2026-01-24 21:19:26,,Other
247,25,973.0,BOOKMY,2025-12-15 17:58:03,Hyderabad,ANDROID_B2,2025-12-15 17:58:05,,Entertainment
248,14,1640.0,PRIME VID,2026-01-17 15:21:41,Delhi,IPHONE_X,2026-01-17 15:21:43,,Subscriptions
249,30,3017.0,NETFLX,2026-01-09 14:24:43,Hyderabad,ANDROID_A1,2026-01-09 14:24:45,,Subscriptions
250,20,3169.0,ZMT ORD,2026-01-17 14:55:58,Bangalore,IPHONE_Y,2026-01-17 14:56:00,,Food
251,10,3087.0,SWIG INST,2026-01-12 11:44:38,Mumbai,IPHONE_Y,2026-01-12 11:44:40,,Food
252,13,1209.0,UBR#TX,2025-12-06 20:41:22,Bangalore,IPHONE_Y,2025-12-06 20:41:24,,Travel
253,9,1958.0,FKRT BUY,2026-01-03 11:58:13,Bangalore,IPHONE_Y,2026-01-03 11:58:15,,Shopping
254,11,956.0,NFLS,2026-01-10 12:35:59,Hyderabad,ANDROID_A1,2026-01-10 12:36:01,,Subscriptions
255,19,853.0,MISC PAY,2025-12-26 18:36:53,Mumbai,ANDROID_B2,2025-12-26 18:36:55,,Other
256,16,3415.0,INOX,2025-12-16 23:10:46,Bangalore,IPHONE_Y,2025-12-16 23:10:48,,Subscriptions
257,6,2270.0,UBR#TX,2026-02-03 09:52:42,Delhi,ANDROID_A1,2026-02-03 09:52:44,,Travel
258,25,2633.0,SWIGGY #123,2026-01-24 15:00:13,Hyderabad,ANDROID_A1,2026-01-24 15:00:15,,Food
259,15,2781.0,AMZN MKTP,2026-02-10 23:00:34,Hyderabad,IPHONE_Y,2026-02-10 23:00:36,,Shopping
260,14,1175.0,ZMT ORD,2025-12-10 17:52:44,Pune,ANDROID_A1,2025-12-10 17:52:46,,Food
261,26,2197.0,UBR TRIP,2026-01-19 12:39:33,Bangalore,ANDROID_B2,2026-01-19 12:39:35,,Travel
262,27,373.0,AMAZON PAY,2025-12-16 19:36:15,Mumbai,IPHONE_Y,2025-12-16 19:36:17,,Shopping
263,10,2711.0,UNKNOWN TXN,2025-12-23 09:24:24,Hyderabad,ANDROID_A1,2025-12-23 09:24:26,,Subscriptions
264,16,388.0,ZMT ORD,2025-11-22 23:50:21,Hyderabad,IPHONE_Y,2025-11-22 23:50:23,,Food
265,28,991.0,ZMT*DEL,2026-01-09 14:02:59,Delhi,IPHONE_Y,2026-01-09 14:03:01,,Food
266,22,184.0,FKRT BUY,2026-02-10 13:13:37,Mumbai,IPHONE_X,2026-02-10 13:13:39,,Shopping
267,25,1275.0,MISC PAY,2025-12-02 13:53:54,Pune,ANDROID_B2,2025-12-02 13:53:56,,Other
268,22,3079.0,INOX,2025-12-10 12:47:22,Delhi,ANDROID_A1,2025-12-10 12:47:24,,Subscriptions
269,4,1445.0,SPTFY,2026-02-09 20:40:17,Pune,IPHONE_X,2026-02-09 20:40:19,,Subscriptions
270,16,1587.0,UBER *RIDE,2025-11-17 21:37:42,Pune,ANDROID_B2,2025-11-17 21:37:44,,Travel
271,3,2970.0,INOX,2026-01-09 10:09:24,Mumbai,ANDROID_A1,2026-01-09 10:09:26,,Subscriptions
272,24,424.0,NETFLX,2025-12-18 08:23:48,Bangalore,IPHONE_X,2025-12-18 08:23:50,,Subscriptions
273,4,1888.0,UBR TRIP,2026-02-09 21:05:22,Hyderabad,ANDROID_A1,2026-02-09 21:05:24,,Travel
274,3,1627.0,MOVIE TKT,2025-12-22 08:24:49,Delhi,IPHONE_X,2025-12-22 08:24:51,,Entertainment
275,24,744.0,PVR CIN,2026-01-26 20:17:19,Bangalore,ANDROID_B2,2026-01-26 20:17:21,,Entertainment
276,16,1180.0,UBR TRIP,2025-12-13 21:50:04,Bangalore,IPHONE_X,2025-12-13 21:50:06,,Travel
277,9,850.0,RPD AUTO,2026-01-26 22:19:00,Pune,ANDROID_A1,2026-01-26 22:19:02,,Subscriptions
278,11,1399.0,BOOKMY,2025-12-19 22:52:52,Hyderabad,IPHONE_X,2025-12-19 22:52:54,,Entertainment
279,5,2897.0,AMAZON PAY,2026-01-03 14:11:25,Bangalore,IPHONE_Y,2026-01-03 14:11:27,,Shopping
280,10,3252.0,MISC PAY,2025-12-26 15:17:52,Pune,IPHONE_X,2025-12-26 15:17:54,,Other
281,12,2284.0,ZMT*DEL,2025-12-15 13:45:13,Pune,ANDROID_A1,2025-12-15 13:45:15,,Food
282,26,3309.0,AMZN MKTP,2026-01-26 21:40:19,Mumbai,IPHONE_Y,2026-01-26 21:40:21,,Shopping
283,9,3282.0,UPI DR,2025-12-17 20:38:30,Hyderabad,ANDROID_A1,2025-12-17 20:38:32,,Other
284,13,2883.0,MOVIE TKT,2025-12-28 21:44:57,Hyderabad,ANDROID_A1,2025-12-28 21:44:59,,Entertainment
285,20,1066.0,UNKNOWN TXN,2025-11-22 19:39:02,Hyderabad,ANDROID_B2,2025-11-22 19:39:04,,Subscriptions
286,21,1408.0,MISC PAY,2026-02-11 21:06:16,Mumbai,ANDROID_A1,2026-02-11 21:06:18,,Other
287,17,1652.0,UPI DR,2025-12-30 22:01:30,Delhi,ANDROID_B2,2025-12-30 22:01:32,,Other
288,10,3040.0,NFLS,2026-01-04 12:21:29,Mumbai,IPHONE_X,2026-01-04 12:21:31,,Subscriptions
289,17,1844.0,NETFLX,2026-02-04 22:19:02,Delhi,IPHONE_X,2026-02-04 22:19:04,,Subscriptions
290,1,723.0,AMZN MKTP,2025-12-04 15:10:21,Hyderabad,ANDROID_B2,2025-12-04 15:10:23,,Shopping
291,14,2629.0,SPTFY,2025-11-23 13:42:27,Pune,ANDROID_B2,2025-11-23 13:42:29,,Subscriptions
292,1,1809.0,UPI DR,2026-01-16 20:13:17,Delhi,ANDROID_A1,2026-01-16 20:13:19,,Other
293,19,1385.0,ZMT*DEL,2026-01-29 14:16:42,Pune,IPHONE_Y,2026-01-29 14:16:44,,Food
294,17,2553.0,BANK TX,2025-12-30 20:22:54,Pune,ANDROID_A1,2025-12-30 20:22:56,,Other
295,20,2467.0,UBER *RIDE,2026-01-03 10:07:15,Bangalore,ANDROID_B2,2026-01-03 10:07:17,,Travel
296,4,2142.0,UBER *RIDE,2025-11-28 20:08:36,Pune,IPHONE_Y,2025-11-28 20:08:38,,Travel
297,14,2890.0,RPD AUTO,2025-12-12 13:18:08,Mumbai,ANDROID_B2,2025-12-12 13:18:10,,Subscriptions
298,11,48529.0,PRIME VID,2026-01-26 01:12:52,Pune,NEW_DEVICE_4,2026-01-26 01:12:54,,Subscriptions
299,18,2064.0,BOOKMY,2025-12-12 21:10:05,Hyderabad,IPHONE_Y,2025-12-12 21:10:07,,Entertainment
300,1,39735.0,UBER *RIDE,2025-12-16 03:36:47,Pune,NEW_DEVICE_2,2025-12-16 03:36:49,,Travel
301,18,1147.0,MOV TIX,2025-12-18 19:34:13,Pune,ANDROID_A1,2025-12-18 19:34:15,,Entertainment
302,4,182.0,UPI DR,2025-12-30 22:55:52,Delhi,IPHONE_X,2025-12-30 22:55:54,,Other
303,15,3071.0,SWIG INST,2026-01-22 19:39:08,Mumbai,IPHONE_Y,2026-01-22 19:39:10,,Food
304,27,2230.0,UBR TRIP,2026-01-02 16:45:18,Bangalore,ANDROID_B2,2026-01-02 16:45:20,,Travel
305,19,2832.0,FKRT BUY,2025-12-22 11:58:03,Bangalore,ANDROID_B2,2025-12-22 11:58:05,,Shopping
306,28,593.0,UPI DR,2026-01-02 15:53:15,Pune,ANDROID_B2,2026-01-02 15:53:17,,Other
307,16,2621.0,UBR#TX,2025-12-17 21:04:40,Delhi,IPHONE_Y,2025-12-17 21:04:42,,Travel
308,13,1561.0,INOX,2026-01-02 22:37:00,Delhi,IPHONE_Y,2026-01-02 22:37:02,,Subscriptions
309,24,3309.0,NETFLX,2025-12-20 20:52:13,Pune,ANDROID_B2,2025-12-20 20:52:15,,Subscriptions
310,9,2417.0,AMAZON PAY,2025-12-31 12:57:43,Delhi,IPHONE_Y,2025-12-31 12:57:45,,Shopping
311,2,35353.0,SWIGGY #123,2026-02-12 04:27:12,Mumbai,NEW_DEVICE_4,2026-02-12 04:27:14,,Food
312,29,1172.0,BANK TX,2026-01-11 10:05:23,Mumbai,IPHONE_X,2026-01-11 10:05:25,,Other
313,2,3143.0,NETFLX,2025-11-21 15:05:45,Delhi,IPHONE_Y,2025-11-21 15:05:47,,Subscriptions
314,1,2481.0,RPD AUTO,2026-02-11 15:00:44,Bangalore,IPHONE_Y,2026-02-11 15:00:46,,Subscriptions
315,27,2006.0,SWIGGY #123,2025-12-25 10:05:46,Delhi,ANDROID_B2,2025-12-25 10:05:48,,Food
316,4,611.0,AMAZON PAY,2025-11-22 20:43:09,Delhi,ANDROID_B2,2025-11-22 20:43:11,,Shopping
317,17,722.0,MOV TIX,2026-01-16 22:40:47,Mumbai,IPHONE_X,2026-01-16 22:40:49,,Entertainment
318,30,939.0,PRIME VID,2026-01-26 10:48:07,Hyderabad,ANDROID_A1,2026-01-26 10:48:09,,Subscriptions
319,24,1338.0,NETFLX,2026-01-08 12:41:05,Mumbai,ANDROID_B2,2026-01-08 12:41:07,,Subscriptions
320,18,1217.0,MOVIE TKT,2026-01-17 08:33:38,Hyderabad,IPHONE_X,2026-01-17 08:33:40,,Entertainment
321,7,273.0,MISC PAY,2025-12-25 15:07:15,Pune,IPHONE_Y,2025-12-25 15:07:17,,Other
322,21,99.0,MOV TIX,2026-01-27 19:24:55,Hyderabad,IPHONE_X,2026-01-27 19:24:57,,Entertainment
323,14,3174.0,FKRT BUY,2026-02-10 23:37:04,Delhi,ANDROID_A1,2026-02-10 23:37:06,,Shopping
324,9,3282.0,UBR TRIP,2025-11-24 20:45:32,Pune,IPHONE_X,2025-11-24 20:45:34,,Travel
325,14,2247.0,MISC PAY,2026-02-02 12:19:05,Hyderabad,IPHONE_X,2026-02-02 12:19:07,,Other
326,30,1650.0,OLA CABS,2025-11-15 10:27:46,Mumbai,IPHONE_X,2025-11-15 10:27:48,,Travel
327,2,525.0,UBR TRIP,2026-01-04 22:42:47,Mumbai,ANDROID_A1,2026-01-04 22:42:49,,Travel
328,4,721.0,SWIG INST,2025-12-08 23:33:50,Bangalore,IPHONE_X,2025-12-08 23:33:52,,Food
329,6,1150.0,FLPKRT,2026-01-01 11:51:27,Bangalore,ANDROID_A1,2026-01-01 11:51:29,,Shopping
330,17,2411.0,ZOM FOOD,2025-12-16 10:32:23,Delhi,IPHONE_Y,2025-12-16 10:32:25,,Food
331,16,1094.0,PVR CIN,2026-01-14 11:47:32,Delhi,ANDROID_A1,2026-01-14 11:47:34,,Entertainment
332,2,48853.0,SWIG INST,2026-01-21 04:59:54,Delhi,NEW_DEVICE_2,2026-01-21 04:59:56,,Food
333,18,1066.0,MISC PAY,2026-01-09 21:52:04,Hyderabad,IPHONE_X,2026-01-09 21:52:06,,Other
334,12,265.0,ZMT*DEL,2025-12-08 13:02:25,Delhi,ANDROID_B2,2025-12-08 13:02:27,,Food
335,29,1322.0,NETFLX,2025-12-04 18:29:00,Bangalore,ANDROID_A1,2025-12-04 18:29:02,,Subscriptions
336,7,3079.0,FKRT BUY,2025-12-27 15:37:31,Mumbai,IPHONE_Y,2025-12-27 15:37:33,,Shopping
337,24,1729.0,PVR CIN,2025-12-05 08:22:40,Delhi,ANDROID_B2,2025-12-05 08:22:42,,Entertainment
338,11,3028.0,SWIGGY #123,2026-01-17 17:33:15,Pune,ANDROID_A1,2026-01-17 17:33:17,,Food
339,16,431.0,SWIG INST,2025-12-08 09:26:44,Bangalore,ANDROID_B2,2025-12-08 09:26:46,,Food
340,15,2120.0,UNKNOWN TXN,2026-02-03 12:37:36,Delhi,IPHONE_Y,2026-02-03 12:37:38,,Subscriptions
341,14,1119.0,UPI DR,2025-11-15 18:53:47,Bangalore,IPHONE_Y,2025-11-15 18:53:49,,Other
342,11,880.0,NETFLX,2026-01-24 12:06:10,Pune,ANDROID_A1,2026-01-24 12:06:12,,Subscriptions
343,15,1517.0,AMZN*ORD,2026-01-04 14:29:16,Delhi,IPHONE_Y,2026-01-04 14:29:18,,Shopping
344,3,2904.0,UBER *RIDE,2026-01-02 09:09:05,Mumbai,ANDROID_B2,2026-01-02 09:09:07,,Travel
345,12,44584.0,PRIME VID,2026-02-09 03:25:54,Pune,NEW_DEVICE_2,2026-02-09 03:25:56,,Subscriptions
346,18,467.0,UPI DR,2026-02-11 12:03:53,Mumbai,ANDROID_A1,2026-02-11 12:03:55,,Other
347,5,2631.0,RPD AUTO,2026-02-03 10:01:04,Mumbai,IPHONE_X,2026-02-03 10:01:06,,Subscriptions
348,29,426.0,MISC PAY,2026-02-07 18:29:03,Mumbai,ANDROID_A1,2026-02-07 18:29:05,,Other
349,30,1667.0,BOOKMY,2025-12-26 23:43:27,Mumbai,ANDROID_A1,2025-12-26 23:43:29,,Entertainment
350,12,1876.0,OLA CABS,2025-11-26 12:39:39,Mumbai,ANDROID_A1,2025-11-26 12:39:41,,Travel
351,21,2305.0,AMZN*ORD,2026-02-01 23:17:24,Mumbai,ANDROID_A1,2026-02-01 23:17:26,,Shopping
352,14,3335.0,UBR#TX,2025-12-29 08:30:34,Pune,IPHONE_Y,2025-12-29 08:30:36,,Travel
353,12,1157.0,MOVIE TKT,2026-01-03 13:38:14,Delhi,ANDROID_A1,2026-01-03 13:38:16,,Entertainment
354,29,1982.0,AMZN MKTP,2026-01-23 19:06:15,Mumbai,ANDROID_B2,2026-01-23 19:06:17,,Shopping
355,9,948.0,MOV TIX,2026-01-21 20:11:15,Hyderabad,IPHONE_X,2026-01-21 20:11:17,,Entertainment
356,11,165.0,BANK TX,2025-12-02 19:12:53,Pune,ANDROID_B2,2025-12-02 19:12:55,,Other
357,18,419.0,FLPKRT,2025-11-27 09:14:01,Hyderabad,ANDROID_B2,2025-11-27 09:14:03,,Shopping
358,16,875.0,ZOM FOOD,2026-01-21 12:58:51,Bangalore,IPHONE_X,2026-01-21 12:58:53,,Food
359,2,630.0,SWIG INST,2026-02-03 11:23:45,Pune,IPHONE_X,2026-02-03 11:23:47,,Food
360,19,608.0,ZOM FOOD,2025-11-23 13:31:41,Bangalore,IPHONE_Y,2025-11-23 13:31:43,,Food
361,6,2462.0,BANK TX,2026-01-04 13:46:44,Bangalore,IPHONE_Y,2026-01-04 13:46:46,,Other
362,5,2396.0,UBR TRIP,2026-01-20 20:38:20,Hyderabad,ANDROID_A1,2026-01-20 20:38:22,,Travel
363,8,626.0,UNKNOWN TXN,2026-01-13 18:22:20,Mumbai,ANDROID_A1,2026-01-13 18:22:22,,Subscriptions
364,21,1136.0,ZOM FOOD,2025-11-16 14:04:22,Bangalore,ANDROID_B2,2025-11-16 14:04:24,,Food
365,26,53719.0,ZMT ORD,2025-12-22 04:31:56,Pune,NEW_DEVICE_2,2025-12-22 04:31:58,,Food
366,12,2013.0,BOOKMY,2025-12-17 15:04:51,Delhi,ANDROID_B2,2025-12-17 15:04:53,,Entertainment
367,10,478.0,ZOM FOOD,2026-01-22 10:56:24,Mumbai,IPHONE_X,2026-01-22 10:56:26,,Food
368,24,431.0,ZMT*DEL,2026-02-09 18:27:41,Mumbai,IPHONE_Y,2026-02-09 18:27:43,,Food
369,20,46698.0,SPTFY,2025-12-22 02:44:35,Hyderabad,NEW_DEVICE_2,2025-12-22 02:44:37,,Subscriptions
370,9,442.0,BANK TX,2025-12-01 09:35:53,Pune,IPHONE_Y,2025-12-01 09:35:55,,Other
371,5,30742.0,ZOM FOOD,2025-12-13 03:12:06,Delhi,NEW_DEVICE_5,2025-12-13 03:12:08,,Food
372,7,1989.0,UBER *RIDE,2025-12-24 11:30:31,Bangalore,IPHONE_X,2025-12-24 11:30:33,,Travel
373,3,1612.0,MISC PAY,2025-12-17 19:02:16,Pune,ANDROID_B2,2025-12-17 19:02:18,,Other
374,15,2361.0,FLPKRT,2025-11-15 09:42:06,Delhi,ANDROID_B2,2025-11-15 09:42:08,,Shopping
375,22,3148.0,FKRT BUY,2025-12-25 15:52:33,Pune,ANDROID_A1,2025-12-25 15:52:35,,Shopping
376,18,1015.0,MISC PAY,2026-02-02 23:25:57,Delhi,IPHONE_X,2026-02-02 23:25:59,,Other
377,17,2825.0,MOVIE TKT,2025-12-17 12:11:10,Mumbai,ANDROID_A1,2025-12-17 12:11:12,,Entertainment
378,26,30135.0,OLA CABS,2025-11-24 04:09:53,Hyderabad,NEW_DEVICE_2,2025-11-24 04:09:55,,Travel
379,9,2328.0,AMZN MKTP,2026-01-08 20:33:29,Delhi,IPHONE_X,2026-01-08 20:33:31,,Shopping
380,26,662.0,MISC PAY,2026-01-30 12:36:49,Delhi,ANDROID_A1,2026-01-30 12:36:51,,Other
381,26,1733.0,FKRT BUY,2025-11-21 16:31:36,Hyderabad,IPHONE_Y,2025-11-21 16:31:38,,Shopping
382,16,639.0,SWIG INST,2025-12-24 20:56:56,Bangalore,ANDROID_A1,2025-12-24 20:56:58,,Food
383,23,1150.0,UBR TRIP,2025-12-31 19:52:50,Bangalore,ANDROID_A1,2025-12-31 19:52:52,,Travel
384,10,2855.0,AMZN*ORD,2026-01-26 11:19:47,Pune,ANDROID_B2,2026-01-26 11:19:49,,Shopping
385,25,2527.0,AMAZON PAY,2025-12-18 10:13:58,Pune,ANDROID_B2,2025-12-18 10:14:00,,Shopping
386,24,3412.0,PRIME VID,2026-02-04 09:19:45,Hyderabad,ANDROID_B2,2026-02-04 09:19:47,,Subscriptions
387,13,168.0,UBR#TX,2026-01-18 13:53:03,Mumbai,ANDROID_B2,2026-01-18 13:53:05,,Travel
388,2,2936.0,NFLS,2025-12-27 14:52:29,Hyderabad,IPHONE_X,2025-12-27 14:52:31,,Subscriptions
389,13,1040.0,UNKNOWN TXN,2025-11-28 19:28:11,Pune,IPHONE_Y,2025-11-28 19:28:13,,Subscriptions
390,19,3481.0,INOX,2026-01-07 16:01:24,Delhi,ANDROID_A1,2026-01-07 16:01:26,,Subscriptions
391,6,2701.0,PVR CIN,2026-01-09 15:41:26,Hyderabad,ANDROID_B2,2026-01-09 15:41:28,,Entertainment
392,1,591.0,UNKNOWN TXN,2026-01-15 13:16:38,Bangalore,ANDROID_A1,2026-01-15 13:16:40,,Subscriptions
393,23,1592.0,BANK TX,2026-01-11 19:13:29,Bangalore,IPHONE_Y,2026-01-11 19:13:31,,Other
394,22,469.0,MOVIE TKT,2025-12-03 08:41:38,Hyderabad,IPHONE_X,2025-12-03 08:41:40,,Entertainment
395,10,1427.0,AMZN MKTP,2026-01-08 16:16:41,Bangalore,IPHONE_X,2026-01-08 16:16:43,,Shopping
396,7,282.0,UBR#TX,2025-11-17 20:08:46,Delhi,IPHONE_X,2025-11-17 20:08:48,,Travel
397,21,1764.0,NETFLX,2026-02-08 20:37:45,Hyderabad,IPHONE_Y,2026-02-08 20:37:47,,Subscriptions
398,27,960.0,UBER *RIDE,2025-12-10 23:19:54,Mumbai,IPHONE_X,2025-12-10 23:19:56,,Travel
399,27,1978.0,UPI DR,2025-12-03 12:48:58,Mumbai,IPHONE_X,2025-12-03 12:49:00,,Other
400,22,964.0,AMZN MKTP,2026-01-01 17:23:16,Hyderabad,IPHONE_Y,2026-01-01 17:23:18,,Shopping
401,10,2648.0,NFLS,2026-01-19 10:32:07,Pune,IPHONE_Y,2026-01-19 10:32:09,,Subscriptions
402,17,34881.0,AMZN*ORD,2025-12-31 02:26:36,Pune,NEW_DEVICE_2,2025-12-31 02:26:38,,Shopping
403,5,2047.0,FLPKRT,2026-01-03 18:40:03,Delhi,ANDROID_B2,2026-01-03 18:40:05,,Shopping
404,15,740.0,FLPKRT,2026-02-01 13:08:39,Pune,IPHONE_Y,2026-02-01 13:08:41,,Shopping
405,21,2005.0,SPOT SUB,2026-02-08 20:34:12,Bangalore,ANDROID_A1,2026-02-08 20:34:14,,Subscriptions
406,1,2821.0,FKRT BUY,2026-01-15 08:44:56,Bangalore,ANDROID_B2,2026-01-15 08:44:58,,Shopping
407,10,2461.0,UBR TRIP,2026-02-04 17:52:02,Bangalore,ANDROID_B2,2026-02-04 17:52:04,,Travel
408,10,1433.0,PRIME VID,2025-12-31 21:57:31,Bangalore,ANDROID_B2,2025-12-31 21:57:33,,Subscriptions
409,25,3375.0,OLA CABS,2026-01-14 20:14:46,Mumbai,ANDROID_A1,2026-01-14 20:14:48,,Travel
410,7,742.0,UNKNOWN TXN,2025-11-21 11:50:02,Pune,IPHONE_X,2025-11-21 11:50:04,,Subscriptions
411,29,2602.0,BANK TX,2025-11-20 09:06:41,Delhi,ANDROID_A1,2025-11-20 09:06:43,,Other
412,2,1607.0,UNKNOWN TXN,2025-12-14 11:44:09,Mumbai,IPHONE_X,2025-12-14 11:44:11,,Subscriptions
413,23,2760.0,UNKNOWN TXN,2025-11-25 11:38:44,Mumbai,IPHONE_X,2025-11-25 11:38:46,,Subscriptions
414,14,532.0,ZMT*DEL,2026-01-30 17:31:12,Hyderabad,ANDROID_A1,2026-01-30 17:31:14,,Food
415,7,1516.0,FKRT BUY,2026-01-23 21:02:35,Pune,IPHONE_X,2026-01-23 21:02:37,,Shopping
416,30,61.0,RPD AUTO,2026-01-29 08:53:36,Pune,ANDROID_A1,2026-01-29 08:53:38,,Subscriptions
417,5,3013.0,ZMT*DEL,2025-11-22 11:14:29,Bangalore,IPHONE_X,2025-11-22 11:14:31,,Food
418,9,765.0,NFLS,2025-12-28 09:51:43,Bangalore,IPHONE_X,2025-12-28 09:51:45,,Subscriptions
419,14,3155.0,UNKNOWN TXN,2026-01-26 09:42:41,Mumbai,ANDROID_A1,2026-01-26 09:42:43,,Subscriptions
420,11,1148.0,AMZN*ORD,2025-12-31 10:11:07,Pune,IPHONE_X,2025-12-31 10:11:09,,Shopping
421,13,2875.0,NETFLX,2025-11-21 23:56:51,Mumbai,IPHONE_Y,2025-11-21 23:56:53,,Subscriptions
422,4,702.0,UBR TRIP,2025-11-29 11:30:51,Hyderabad,IPHONE_Y,2025-11-29 11:30:53,,Travel
423,22,3241.0,SPTFY,2025-11-17 19:56:53,Mumbai,ANDROID_A1,2025-11-17 19:56:55,,Subscriptions
424,16,1855.0,NFLS,2026-01-10 09:41:20,Delhi,ANDROID_A1,2026-01-10 09:41:22,,Subscriptions
425,23,2793.0,UPI DR,2025-12-19 18:42:46,Mumbai,ANDROID_A1,2025-12-19 18:42:48,,Other
426,16,3435.0,AMZN*ORD,2025-11-22 09:59:10,Hyderabad,ANDROID_A1,2025-11-22 09:59:12,,Shopping
427,28,356.0,SPOT SUB,2026-01-13 23:21:17,Delhi,IPHONE_X,2026-01-13 23:21:19,,Subscriptions
428,17,1701.0,UBR#TX,2025-12-16 15:28:51,Hyderabad,ANDROID_A1,2025-12-16 15:28:53,,Travel
429,15,536.0,SWIGGY #123,2026-01-30 23:25:26,Delhi,ANDROID_A1,2026-01-30 23:25:28,,Food
430,18,3293.0,MOV TIX,2025-11-21 17:42:29,Bangalore,ANDROID_B2,2025-11-21 17:42:31,,Entertainment
431,12,1409.0,SWIG INST,2025-12-17 23:07:06,Mumbai,IPHONE_X,2025-12-17 23:07:08,,Food
432,1,3326.0,AMAZON PAY,2025-11-15 17:06:02,Mumbai,IPHONE_X,2025-11-15 17:06:04,,Shopping
433,16,2552.0,RPD AUTO,2026-01-28 14:59:54,Pune,ANDROID_B2,2026-01-28 14:59:56,,Subscriptions
434,7,491.0,SPTFY,2025-11-23 21:53:43,Hyderabad,ANDROID_A1,2025-11-23 21:53:45,,Subscriptions
435,4,2115.0,SPOT SUB,2026-02-12 12:33:47,Delhi,IPHONE_Y,2026-02-12 12:33:49,,Subscriptions
436,18,2132.0,PRIME VID,2026-01-27 13:06:24,Hyderabad,ANDROID_B2,2026-01-27 13:06:26,,Subscriptions
437,20,1764.0,FKRT BUY,2025-12-24 15:21:18,Pune,IPHONE_X,2025-12-24 15:21:20,,Shopping
438,26,2917.0,OLA CABS,2025-12-04 17:40:13,Mumbai,IPHONE_X,2025-12-04 17:40:15,,Travel
439,7,2804.0,INOX,2025-12-10 12:34:44,Bangalore,ANDROID_B2,2025-12-10 12:34:46,,Subscriptions
440,23,2437.0,ZOM FOOD,2025-12-20 21:51:00,Hyderabad,IPHONE_X,2025-12-20 21:51:02,,Food
441,4,2795.0,SWIGGY #123,2026-01-09 09:48:50,Mumbai,ANDROID_B2,2026-01-09 09:48:52,,Food
442,10,304.0,BANK TX,2025-12-05 17:02:22,Pune,ANDROID_B2,2025-12-05 17:02:24,,Other
443,4,3090.0,MOVIE TKT,2025-12-09 20:50:50,Bangalore,ANDROID_B2,2025-12-09 20:50:52,,Entertainment
444,23,1637.0,UNKNOWN TXN,2025-12-04 21:03:00,Bangalore,IPHONE_X,2025-12-04 21:03:02,,Subscriptions
445,7,2645.0,BOOKMY,2026-01-19 19:18:28,Mumbai,ANDROID_B2,2026-01-19 19:18:30,,Entertainment
446,22,3060.0,SWIG INST,2026-02-07 11:27:17,Hyderabad,IPHONE_Y,2026-02-07 11:27:19,,Food
447,9,1094.0,OLA CABS,2025-12-15 08:45:59,Mumbai,IPHONE_X,2025-12-15 08:46:01,,Travel
448,2,3218.0,UBER *RIDE,2025-12-01 17:35:22,Delhi,IPHONE_Y,2025-12-01 17:35:24,,Travel
449,26,803.0,BANK TX,2025-12-21 10:34:34,Pune,ANDROID_B2,2025-12-21 10:34:36,,Other
450,3,2767.0,FLPKRT,2025-12-28 18:18:13,Hyderabad,IPHONE_X,2025-12-28 18:18:15,,Shopping
451,17,2709.0,PRIME VID,2025-11-19 08:22:28,Mumbai,ANDROID_A1,2025-11-19 08:22:30,,Subscriptions
452,29,2845.0,UPI DR,2026-01-29 18:24:16,Hyderabad,IPHONE_Y,2026-01-29 18:24:18,,Other
453,24,3417.0,AMZN MKTP,2025-12-12 19:02:18,Mumbai,IPHONE_Y,2025-12-12 19:02:20,,Shopping
454,11,735.0,MOV TIX,2026-01-17 08:42:40,Mumbai,ANDROID_A1,2026-01-17 08:42:42,,Entertainment
455,28,892.0,MISC PAY,2025-11-17 21:09:01,Pune,ANDROID_A1,2025-11-17 21:09:03,,Other
456,23,272.0,AMZN MKTP,2025-12-03 13:04:36,Mumbai,IPHONE_X,2025-12-03 13:04:38,,Shopping
457,30,2631.0,AMZN*ORD,2026-01-03 20:01:24,Delhi,IPHONE_Y,2026-01-03 20:01:26,,Shopping
458,18,63378.0,ZMT*DEL,2025-12-29 01:59:32,Delhi,NEW_DEVICE_1,2025-12-29 01:59:34,,Food
459,10,1203.0,BANK TX,2025-12-24 22:52:42,Delhi,IPHONE_Y,2025-12-24 22:52:44,,Other
460,16,3108.0,UBR#TX,2025-11-23 20:09:19,Bangalore,IPHONE_X,2025-11-23 20:09:21,,Travel
461,1,221.0,MOVIE TKT,2025-12-06 08:35:05,Bangalore,IPHONE_Y,2025-12-06 08:35:07,,Entertainment
462,7,2695.0,BANK TX,2026-01-20 12:14:39,Bangalore,ANDROID_B2,2026-01-20 12:14:41,,Other
463,7,2373.0,SWIG INST,2025-11-22 09:35:04,Bangalore,IPHONE_Y,2025-11-22 09:35:06,,Food
464,22,3022.0,ZOM FOOD,2025-12-29 23:08:42,Mumbai,IPHONE_X,2025-12-29 23:08:44,,Food
465,4,37681.0,FKRT BUY,2025-12-17 03:21:39,Bangalore,NEW_DEVICE_4,2025-12-17 03:21:41,,Shopping
466,23,1542.0,PVR CIN,2026-01-22 18:00:20,Mumbai,IPHONE_Y,2026-01-22 18:00:22,,Entertainment
467,26,1522.0,RPD AUTO,2025-12-13 12:29:28,Bangalore,IPHONE_X,2025-12-13 12:29:30,,Subscriptions
468,25,769.0,AMZN*ORD,2026-01-26 10:57:34,Mumbai,IPHONE_X,2026-01-26 10:57:36,,Shopping
469,9,126.0,UNKNOWN TXN,2025-11-29 08:13:58,Delhi,IPHONE_Y,2025-11-29 08:14:00,,Subscriptions
470,18,2260.0,FKRT BUY,2025-12-28 23:25:14,Hyderabad,ANDROID_B2,2025-12-28 23:25:16,,Shopping
471,24,2140.0,FLPKRT,2025-12-28 10:32:00,Mumbai,IPHONE_Y,2025-12-28 10:32:02,,Shopping
472,28,624.0,PVR CIN,2026-01-21 22:36:36,Mumbai,ANDROID_B2,2026-01-21 22:36:38,,Entertainment
473,24,215.0,MISC PAY,2026-01-14 15:04:16,Bangalore,IPHONE_Y,2026-01-14 15:04:18,,Other
474,8,3291.0,SWIG INST,2025-12-14 19:58:29,Delhi,IPHONE_Y,2025-12-14 19:58:31,,Food
475,2,2185.0,BANK TX,2025-11-30 16:34:36,Mumbai,IPHONE_X,2025-11-30 16:34:38,,Other
476,13,2726.0,MISC PAY,2025-12-26 10:58:14,Hyderabad,IPHONE_X,2025-12-26 10:58:16,,Other
477,13,2024.0,AMAZON PAY,2025-12-18 08:10:14,Delhi,ANDROID_B2,2025-12-18 08:10:16,,Shopping
478,17,815.0,BANK TX,2025-11-27 13:45:52,Delhi,IPHONE_X,2025-11-27 13:45:54,,Other
479,22,3000.0,RPD AUTO,2025-11-18 11:30:30,Mumbai,IPHONE_Y,2025-11-18 11:30:32,,Subscriptions
480,19,27827.0,RPD AUTO,2025-11-29 02:10:08,Hyderabad,NEW_DEVICE_5,2025-11-29 02:10:10,,Subscriptions
481,2,41925.0,PVR CIN,2025-12-23 02:38:36,Delhi,NEW_DEVICE_5,2025-12-23 02:38:38,,Entertainment
482,29,937.0,BANK TX,2025-12-13 22:10:14,Pune,IPHONE_Y,2025-12-13 22:10:16,,Other
483,20,794.0,UBR#TX,2025-11-17 16:21:59,Pune,ANDROID_B2,2025-11-17 16:22:01,,Travel
484,20,1628.0,MOV TIX,2026-02-10 12:12:33,Hyderabad,ANDROID_A1,2026-02-10 12:12:35,,Entertainment
485,22,776.0,SPTFY,2025-12-06 23:32:48,Delhi,ANDROID_A1,2025-12-06 23:32:50,,Subscriptions
486,3,2258.0,SPTFY,2025-12-08 08:26:23,Delhi,IPHONE_Y,2025-12-08 08:26:25,,Subscriptions
487,23,3336.0,BOOKMY,2025-12-30 23:37:51,Hyderabad,IPHONE_Y,2025-12-30 23:37:53,,Entertainment
488,4,3186.0,SPTFY,2026-01-07 15:38:56,Hyderabad,ANDROID_A1,2026-01-07 15:38:58,,Subscriptions
489,14,25466.0,FLPKRT,2026-02-12 01:24:41,Mumbai,NEW_DEVICE_5,2026-02-12 01:24:43,,Shopping
490,23,683.0,AMZN*ORD,2026-01-10 21:54:34,Pune,IPHONE_X,2026-01-10 21:54:36,,Shopping
491,19,2837.0,FKRT BUY,2025-12-22 20:35:50,Hyderabad,ANDROID_B2,2025-12-22 20:35:52,,Shopping
492,16,2031.0,UBER *RIDE,2025-12-01 16:22:49,Pune,IPHONE_X,2025-12-01 16:22:51,,Travel
493,24,1879.0,UBR TRIP,2026-01-16 13:32:25,Bangalore,ANDROID_A1,2026-01-16 13:32:27,,Travel
494,26,2945.0,MOVIE TKT,2025-12-25 09:40:00,Delhi,ANDROID_B2,2025-12-25 09:40:02,,Entertainment
495,27,1833.0,RPD AUTO,2026-01-10 10:14:23,Delhi,ANDROID_A1,2026-01-10 10:14:25,,Subscriptions
496,20,1691.0,SWIGGY #123,2026-01-21 17:40:31,Pune,ANDROID_A1,2026-01-21 17:40:33,,Food
497,1,187.0,UBR#TX,2025-11-18 15:02:23,Mumbai,ANDROID_B2,2025-11-18 15:02:25,,Travel
498,21,1180.0,SWIG INST,2025-11-19 20:25:25,Hyderabad,IPHONE_X,2025-11-19 20:25:27,,Food
499,7,331.0,MOV TIX,2025-12-03 10:58:37,Bangalore,IPHONE_X,2025-12-03 10:58:39,,Entertainment
500,12,846.0,FLPKRT,2025-12-01 22:00:16,Mumbai,IPHONE_Y,2025-12-01 22:00:18,,Shopping
501,14,2110.0,MOV TIX,2026-01-29 17:51:32,Bangalore,IPHONE_X,2026-01-29 17:51:34,,Entertainment
502,29,1863.0,MOVIE TKT,2026-01-12 20:48:21,Pune,IPHONE_Y,2026-01-12 20:48:23,,Entertainment
503,22,2024.0,PRIME VID,2026-02-04 11:24:40,Mumbai,IPHONE_X,2026-02-04 11:24:42,,Subscriptions
504,22,1739.0,UPI DR,2025-11-15 19:53:16,Mumbai,ANDROID_A1,2025-11-15 19:53:18,,Other
505,10,3413.0,SWIGGY #123,2025-12-04 18:59:11,Pune,ANDROID_A1,2025-12-04 18:59:13,,Food
506,11,1152.0,FLPKRT,2025-12-11 13:47:12,Mumbai,ANDROID_B2,2025-12-11 13:47:14,,Shopping
507,24,880.0,UBER *RIDE,2026-01-24 15:49:06,Delhi,IPHONE_X,2026-01-24 15:49:08,,Travel
508,30,3180.0,SWIGGY #123,2025-12-27 09:39:20,Pune,IPHONE_Y,2025-12-27 09:39:22,,Food
509,29,3180.0,INOX,2026-01-15 16:48:36,Mumbai,IPHONE_Y,2026-01-15 16:48:38,,Subscriptions
510,2,2264.0,BOOKMY,2025-12-24 09:55:43,Mumbai,IPHONE_X,2025-12-24 09:55:45,,Entertainment
511,15,2873.0,ZMT*DEL,2025-11-18 08:13:24,Hyderabad,ANDROID_A1,2025-11-18 08:13:26,,Food
512,4,1113.0,AMAZON PAY,2026-01-13 13:17:30,Hyderabad,IPHONE_X,2026-01-13 13:17:32,,Shopping
513,11,912.0,FLPKRT,2025-12-28 21:54:25,Bangalore,IPHONE_X,2025-12-28 21:54:27,,Shopping
514,15,2408.0,UBR#TX,2026-01-09 15:51:15,Hyderabad,ANDROID_A1,2026-01-09 15:51:17,,Travel
515,14,3075.0,SPTFY,2026-02-11 12:11:26,Pune,IPHONE_Y,2026-02-11 12:11:28,,Subscriptions
516,5,1278.0,BANK TX,2025-12-24 16:06:44,Mumbai,ANDROID_A1,2025-12-24 16:06:46,,Other
517,2,2629.0,UBER *RIDE,2026-01-01 11:16:23,Bangalore,IPHONE_Y,2026-01-01 11:16:25,,Travel
518,18,1736.0,INOX,2025-11-18 11:38:12,Hyderabad,IPHONE_X,2025-11-18 11:38:14,,Subscriptions
519,19,1215.0,UPI DR,2025-11-18 19:32:31,Pune,IPHONE_X,2025-11-18 19:32:33,,Other
520,29,1949.0,SWIGGY #123,2025-11-23 12:51:59,Bangalore,ANDROID_B2,2025-11-23 12:52:01,,Food
521,14,342.0,MISC PAY,2025-12-31 10:14:20,Bangalore,ANDROID_B2,2025-12-31 10:14:22,,Other
522,21,1669.0,AMAZON PAY,2025-12-28 16:47:37,Hyderabad,IPHONE_Y,2025-12-28 16:47:39,,Shopping
523,15,144.0,SPTFY,2025-11-20 12:16:47,Delhi,ANDROID_B2,2025-11-20 12:16:49,,Subscriptions
524,7,311.0,RPD AUTO,2026-02-09 23:49:25,Hyderabad,ANDROID_A1,2026-02-09 23:49:27,,Subscriptions
525,25,686.0,ZMT ORD,2026-01-04 10:14:15,Bangalore,IPHONE_Y,2026-01-04 10:14:17,,Food
526,15,3484.0,UPI DR,2026-02-08 13:42:22,Bangalore,ANDROID_A1,2026-02-08 13:42:24,,Other
527,28,2264.0,SPOT SUB,2026-01-26 16:44:34,Mumbai,IPHONE_Y,2026-01-26 16:44:36,,Subscriptions
528,19,2654.0,BOOKMY,2025-12-30 21:30:34,Mumbai,IPHONE_X,2025-12-30 21:30:36,,Entertainment
529,26,1738.0,SWIGGY #123,2026-01-05 16:00:00,Hyderabad,ANDROID_B2,2026-01-05 16:00:02,,Food
530,27,2241.0,UBER *RIDE,2025-12-13 08:19:00,Pune,IPHONE_Y,2025-12-13 08:19:02,,Travel
531,26,79.0,FKRT BUY,2025-12-22 19:56:35,Pune,ANDROID_B2,2025-12-22 19:56:37,,Shopping
532,13,2695.0,OLA CABS,2026-01-15 20:16:05,Pune,IPHONE_Y,2026-01-15 20:16:07,,Travel
533,21,2561.0,UBR#TX,2025-11-21 16:47:34,Bangalore,IPHONE_X,2025-11-21 16:47:36,,Travel
534,14,1236.0,UBR TRIP,2025-11-25 11:28:17,Hyderabad,IPHONE_Y,2025-11-25 11:28:19,,Travel
535,16,28252.0,UBER *RIDE,2026-01-30 01:18:17,Mumbai,NEW_DEVICE_2,2026-01-30 01:18:19,,Travel
536,23,667.0,NFLS,2026-01-16 08:21:26,Bangalore,IPHONE_Y,2026-01-16 08:21:28,,Subscriptions
537,26,3291.0,NETFLX,2026-02-02 09:53:48,Mumbai,IPHONE_X,2026-02-02 09:53:50,,Subscriptions
538,2,1975.0,AMZN*ORD,2026-01-11 13:52:24,Delhi,ANDROID_B2,2026-01-11 13:52:26,,Shopping
539,4,1864.0,UPI DR,2026-01-18 15:29:47,Delhi,ANDROID_A1,2026-01-18 15:29:49,,Other
540,17,2841.0,UPI DR,2026-01-23 17:40:46,Delhi,IPHONE_X,2026-01-23 17:40:48,,Other
541,24,2021.0,MOVIE TKT,2025-12-28 17:56:03,Mumbai,ANDROID_B2,2025-12-28 17:56:05,,Entertainment
542,4,735.0,RPD AUTO,2025-12-24 16:50:15,Delhi,ANDROID_A1,2025-12-24 16:50:17,,Subscriptions
543,2,684.0,BOOKMY,2026-01-12 19:10:31,Delhi,ANDROID_A1,2026-01-12 19:10:33,,Entertainment
544,22,3161.0,INOX,2025-12-29 09:41:09,Hyderabad,ANDROID_A1,2025-12-29 09:41:11,,Subscriptions
545,26,1347.0,SWIG INST,2026-01-19 19:01:44,Pune,IPHONE_Y,2026-01-19 19:01:46,,Food
546,12,211.0,UPI DR,2025-12-03 23:18:34,Pune,IPHONE_Y,2025-12-03 23:18:36,,Other
547,7,1375.0,PVR CIN,2025-11-28 22:58:55,Hyderabad,IPHONE_X,2025-11-28 22:58:57,,Entertainment
548,6,1261.0,ZMT*DEL,2025-12-16 16:00:49,Hyderabad,IPHONE_X,2025-12-16 16:00:51,,Food
549,13,2588.0,UPI DR,2026-01-02 19:46:04,Hyderabad,ANDROID_B2,2026-01-02 19:46:06,,Other
550,27,2087.0,SPTFY,2026-01-02 12:26:41,Bangalore,IPHONE_X,2026-01-02 12:26:43,,Subscriptions
551,4,229.0,ZMT*DEL,2026-02-08 12:12:06,Pune,ANDROID_B2,2026-02-08 12:12:08,,Food
552,7,3475.0,ZMT ORD,2025-12-07 20:39:44,Hyderabad,IPHONE_Y,2025-12-07 20:39:46,,Food
553,9,2990.0,ZOM FOOD,2026-01-17 10:41:31,Delhi,ANDROID_A1,2026-01-17 10:41:33,,Food
554,15,3095.0,UNKNOWN TXN,2026-02-05 21:52:39,Bangalore,IPHONE_X,2026-02-05 21:52:41,,Subscriptions
555,17,369.0,ZMT ORD,2026-01-31 14:46:14,Hyderabad,ANDROID_A1,2026-01-31 14:46:16,,Food
556,13,1068.0,OLA CABS,2026-01-30 13:49:40,Hyderabad,IPHONE_Y,2026-01-30 13:49:42,,Travel
557,12,1799.0,MISC PAY,2026-01-20 11:35:25,Hyderabad,ANDROID_B2,2026-01-20 11:35:27,,Other
558,11,2507.0,UPI DR,2026-01-03 22:35:20,Bangalore,IPHONE_X,2026-01-03 22:35:22,,Other
559,14,1374.0,MISC PAY,2025-12-26 15:49:35,Bangalore,ANDROID_B2,2025-12-26 15:49:37,,Other
560,12,50.0,SPOT SUB,2025-11-28 09:01:33,Mumbai,IPHONE_X,2025-11-28 09:01:35,,Subscriptions
561,29,958.0,AMZN MKTP,2026-02-10 14:49:52,Bangalore,IPHONE_X,2026-02-10 14:49:54,,Shopping
562,30,2391.0,MOVIE TKT,2026-02-08 12:29:22,Mumbai,ANDROID_A1,2026-02-08 12:29:24,,Entertainment
563,5,1073.0,AMAZON PAY,2026-01-05 15:05:36,Pune,IPHONE_X,2026-01-05 15:05:38,,Shopping
564,19,3297.0,UBR TRIP,2025-12-12 23:52:57,Hyderabad,ANDROID_B2,2025-12-12 23:52:59,,Travel
565,27,203.0,ZMT*DEL,2026-02-05 20:58:49,Bangalore,ANDROID_A1,2026-02-05 20:58:51,,Food
566,12,543.0,SPOT SUB,2025-11-23 15:49:40,Pune,ANDROID_A1,2025-11-23 15:49:42,,Subscriptions
567,2,60384.0,FKRT BUY,2025-12-10 02:44:14,Mumbai,NEW_DEVICE_3,2025-12-10 02:44:16,,Shopping
568,2,3133.0,MISC PAY,2025-12-19 10:18:50,Pune,ANDROID_B2,2025-12-19 10:18:52,,Other
569,5,2390.0,UBER *RIDE,2026-01-10 09:05:25,Hyderabad,IPHONE_Y,2026-01-10 09:05:27,,Travel
570,14,2019.0,UPI DR,2025-12-24 14:41:36,Mumbai,IPHONE_Y,2025-12-24 14:41:38,,Other
571,18,343.0,MOVIE TKT,2026-01-02 16:43:59,Hyderabad,IPHONE_Y,2026-01-02 16:44:01,,Entertainment
572,3,1476.0,SWIGGY #123,2025-12-30 14:38:41,Delhi,IPHONE_X,2025-12-30 14:38:43,,Food
573,25,2574.0,FLPKRT,2025-12-18 22:02:59,Mumbai,ANDROID_B2,2025-12-18 22:03:01,,Shopping
574,7,3033.0,BANK TX,2026-02-06 10:15:39,Mumbai,ANDROID_A1,2026-02-06 10:15:41,,Other
575,28,3344.0,AMZN MKTP,2025-12-17 11:30:01,Bangalore,IPHONE_X,2025-12-17 11:30:03,,Shopping
576,7,2193.0,UPI DR,2025-11-25 16:46:09,Delhi,IPHONE_Y,2025-11-25 16:46:11,,Other
577,13,36162.0,MOVIE TKT,2026-01-18 01:50:44,Hyderabad,NEW_DEVICE_3,2026-01-18 01:50:46,,Entertainment
578,9,84.0,SWIGGY #123,2025-11-20 10:17:42,Bangalore,IPHONE_Y,2025-11-20 10:17:44,,Food
579,28,2709.0,ZMT ORD,2025-12-26 20:32:45,Delhi,ANDROID_B2,2025-12-26 20:32:47,,Food
580,29,2227.0,AMZN*ORD,2026-01-18 10:32:29,Hyderabad,ANDROID_B2,2026-01-18 10:32:31,,Shopping
581,30,59695.0,UNKNOWN TXN,2025-12-12 03:25:47,Mumbai,NEW_DEVICE_3,2025-12-12 03:25:49,,Subscriptions
582,1,1288.0,AMAZON PAY,2026-02-05 15:40:16,Pune,IPHONE_X,2026-02-05 15:40:18,,Shopping
583,29,973.0,ZMT*DEL,2025-12-24 12:42:08,Delhi,IPHONE_X,2025-12-24 12:42:10,,Food
584,24,2558.0,PRIME VID,2026-01-13 15:36:09,Pune,IPHONE_Y,2026-01-13 15:36:11,,Subscriptions
585,10,589.0,INOX,2025-11-30 14:34:43,Mumbai,ANDROID_B2,2025-11-30 14:34:45,,Subscriptions
586,28,2195.0,UBER *RIDE,2026-01-25 12:41:59,Hyderabad,IPHONE_Y,2026-01-25 12:42:01,,Travel
587,30,59928.0,UBER *RIDE,2026-01-03 01:53:56,Mumbai,NEW_DEVICE_2,2026-01-03 01:53:58,,Travel
588,24,1745.0,ZOM FOOD,2025-12-18 21:47:59,Bangalore,IPHONE_X,2025-12-18 21:48:01,,Food
589,5,157.0,UBR TRIP,2025-11-28 16:14:14,Delhi,ANDROID_B2,2025-11-28 16:14:16,,Travel
590,12,2526.0,SWIGGY #123,2026-01-20 23:54:24,Pune,IPHONE_X,2026-01-20 23:54:26,,Food
591,16,182.0,OLA CABS,2026-01-09 21:26:14,Mumbai,ANDROID_A1,2026-01-09 21:26:16,,Travel
592,25,1849.0,UBR TRIP,2025-12-16 23:56:15,Pune,IPHONE_X,2025-12-16 23:56:17,,Travel
593,13,1608.0,ZMT*DEL,2025-11-26 18:47:36,Hyderabad,IPHONE_Y,2025-11-26 18:47:38,,Food
594,18,1899.0,MOV TIX,2026-01-12 22:33:34,Pune,ANDROID_A1,2026-01-12 22:33:36,,Entertainment
595,24,3184.0,ZMT*DEL,2026-01-06 09:28:25,Bangalore,ANDROID_B2,2026-01-06 09:28:27,,Food
596,25,1255.0,AMZN*ORD,2025-12-15 09:53:41,Pune,ANDROID_B2,2025-12-15 09:53:43,,Shopping
597,3,2447.0,UNKNOWN TXN,2025-12-22 12:20:28,Delhi,IPHONE_Y,2025-12-22 12:20:30,,Subscriptions
598,6,877.0,PRIME VID,2026-01-11 22:20:44,Mumbai,ANDROID_A1,2026-01-11 22:20:46,,Subscriptions
599,23,2942.0,UNKNOWN TXN,2026-02-02 22:33:45,Pune,IPHONE_X,2026-02-02 22:33:47,,Subscriptions
600,24,1601.0,MOVIE TKT,2026-01-22 20:58:21,Hyderabad,ANDROID_A1,2026-01-22 20:58:23,,Entertainment
