transaction_id,user_id,amount,description,transaction_time,location,device_id,created_at,category,final_category,hour,day_of_week,category_encoded,location_encoded,device_encoded,pseudo_fraud_label,risk_score,is_fraud,fraud_reason
1,3,450.0,ZMT ORD,2025-01-10 13:22:11,Delhi,ANDROID_A1,2025-01-10 13:22:13,Food,Food,13,4,1,1,0,0,0.0,False,
2,5,1200.0,SWIG INST,2025-01-11 20:45:09,Mumbai,ANDROID_B2,2025-01-11 20:45:11,Food,Food,20,5,1,3,1,0,0.0,False,
3,7,299.0,NFLS,2025-01-12 09:15:44,Bangalore,IPHONE_X,2025-01-12 09:15:46,Subscriptions,Subscriptions,9,6,4,0,2,0,0.0,False,
4,9,149.0,SPTFY,2025-01-12 18:10:22,Pune,ANDROID_A1,2025-01-12 18:10:24,Subscriptions,Subscriptions,18,6,4,4,0,0,0.0,False,
5,12,2200.0,UBR TRIP,2025-01-13 08:55:01,Delhi,IPHONE_Y,2025-01-13 08:55:03,Travel,Travel,8,0,5,1,3,0,0.01,False,
6,14,1800.0,OLA CABS,2025-01-13 22:40:33,Mumbai,ANDROID_B2,2025-01-13 22:40:35,Travel,Travel,22,0,5,3,1,0,0.0,False,
7,4,3200.0,AMZN MKTP,2025-01-14 11:30:20,Bangalore,ANDROID_A1,2025-01-14 11:30:22,Shopping,Shopping,11,1,3,0,0,0,0.0,False,
8,6,2100.0,FLPKRT,2025-01-14 19:50:12,Pune,IPHONE_X,2025-01-14 19:50:14,Shopping,Shopping,19,1,3,4,2,0,0.0,False,
9,8,500.0,MOV TIX,2025-01-15 16:05:55,Delhi,ANDROID_B2,2025-01-15 16:05:57,Entertainment,Entertainment,16,2,0,1,1,0,0.0,False,
10,10,650.0,PVR CIN,2025-01-15 21:10:48,Mumbai,ANDROID_A1,2025-01-15 21:10:50,Entertainment,Entertainment,21,2,0,3,0,0,0.0,False,
11,11,499.0,BOOKMY,2025-01-16 14:20:09,Bangalore,IPHONE_Y,2025-01-16 14:20:11,Entertainment,Entertainment,14,3,0,0,3,0,0.0,False,
12,15,320.0,SWIGGY #123,2025-01-16 20:35:44,Pune,ANDROID_B2,2025-01-16 20:35:46,Food,Food,20,3,1,4,1,0,0.0,False,
13,18,270.0,ZOM FOOD,2025-01-17 13:00:17,Delhi,ANDROID_A1,2025-01-17 13:00:19,Food,Food,13,4,1,1,0,0,0.0,False,
14,20,399.0,PRIME VID,2025-01-17 09:40:55,Mumbai,IPHONE_X,2025-01-17 09:40:57,Subscriptions,Subscriptions,9,4,4,3,2,0,0.0,False,
15,22,1299.0,AMAZON PAY,2025-01-18 12:10:31,Bangalore,ANDROID_B2,2025-01-18 12:10:33,Shopping,Shopping,12,5,3,0,1,0,0.0,False,
16,25,1750.0,FKRT BUY,2025-01-18 18:25:42,Pune,ANDROID_A1,2025-01-18 18:25:44,Shopping,Shopping,18,5,3,4,0,0,0.0,False,
17,27,90.0,UPI DR,2025-01-19 10:05:03,Delhi,ANDROID_B2,2025-01-19 10:05:05,Other,Other,10,6,2,1,1,0,0.0,False,
18,29,120.0,BANK TX,2025-01-19 11:15:36,Mumbai,IPHONE_Y,2025-01-19 11:15:38,Other,Other,11,6,2,3,3,0,0.0,False,
19,30,260.0,MISC PAY,2025-01-20 15:55:22,Bangalore,ANDROID_A1,2025-01-20 15:55:24,Other,Other,15,0,2,0,0,0,0.0,False,
20,2,540.0,UBR#TX,2025-01-20 21:10:14,Pune,ANDROID_B2,2025-01-20 21:10:16,Travel,Travel,21,0,5,4,1,0,0.0,False,
21,4,310.0,ZMT*DEL,2025-01-21 13:15:42,Delhi,ANDROID_A1,2025-01-21 13:15:44,Food,Food,13,1,1,1,0,0,0.0,False,
22,6,980.0,SWIG INST,2025-01-21 19:40:11,Mumbai,ANDROID_B2,2025-01-21 19:40:13,Food,Food,19,1,1,3,1,0,0.0,False,
23,8,349.0,NFLS,2025-01-22 08:55:27,Bangalore,IPHONE_X,2025-01-22 08:55:29,Subscriptions,Subscriptions,8,2,4,0,2,0,0.0,False,
24,9,149.0,SPOT SUB,2025-01-22 22:10:05,Pune,ANDROID_A1,2025-01-22 22:10:07,Subscriptions,Subscriptions,22,2,4,4,0,0,0.0,False,
25,11,2200.0,UBER *RIDE,2025-01-23 09:05:31,Delhi,IPHONE_Y,2025-01-23 09:05:33,Travel,Travel,9,3,5,1,3,0,0.0,False,
26,13,1600.0,RPD AUTO,2025-01-23 18:45:18,Mumbai,ANDROID_B2,2025-01-23 18:45:20,Travel,Travel,18,3,5,3,1,0,0.0,False,
27,15,3400.0,AMZN*ORD,2025-01-24 12:20:49,Bangalore,ANDROID_A1,2025-01-24 12:20:51,Shopping,Shopping,12,4,3,0,0,0,0.0,False,
28,16,1999.0,FLPKRT,2025-01-24 20:05:36,Pune,IPHONE_X,2025-01-24 20:05:38,Shopping,Shopping,20,4,3,4,2,0,0.0,False,
29,18,520.0,INOX,2025-01-25 16:35:44,Delhi,ANDROID_B2,2025-01-25 16:35:46,Entertainment,Entertainment,16,5,0,1,1,0,0.0,False,
30,19,750.0,MOVIE TKT,2025-01-25 21:25:58,Mumbai,ANDROID_A1,2025-01-25 21:26:00,Entertainment,Entertainment,21,5,0,3,0,0,0.0,False,
31,20,299.0,BOOKMY,2025-01-26 14:10:12,Bangalore,IPHONE_Y,2025-01-26 14:10:14,Entertainment,Entertainment,14,6,0,0,3,0,0.0,False,
32,21,410.0,SWIGGY #123,2025-01-26 19:55:03,Pune,ANDROID_B2,2025-01-26 19:55:05,Food,Food,19,6,1,4,1,0,0.0,False,
33,22,260.0,ZOM FOOD,2025-01-27 13:05:47,Delhi,ANDROID_A1,2025-01-27 13:05:49,Food,Food,13,0,1,1,0,0,0.0,False,
34,23,399.0,NETFLX,2025-01-27 09:35:29,Mumbai,IPHONE_X,2025-01-27 09:35:31,Subscriptions,Subscriptions,9,0,4,3,2,0,0.0,False,
35,24,1299.0,PRIME VID,2025-01-28 12:15:54,Bangalore,ANDROID_B2,2025-01-28 12:15:56,Subscriptions,Subscriptions,12,1,4,0,1,0,0.0,False,
36,25,2450.0,AMAZON PAY,2025-01-28 18:30:41,Pune,ANDROID_A1,2025-01-28 18:30:43,Shopping,Shopping,18,1,3,4,0,0,0.0,False,
37,26,1800.0,FKRT BUY,2025-01-29 20:10:22,Delhi,ANDROID_B2,2025-01-29 20:10:24,Shopping,Shopping,20,2,3,1,1,0,0.0,False,
38,27,120.0,UPI DR,2025-01-29 10:25:09,Mumbai,IPHONE_Y,2025-01-29 10:25:11,Other,Other,10,2,2,3,3,0,0.0,False,
39,28,95.0,BANK TX,2025-01-30 11:40:36,Bangalore,ANDROID_A1,2025-01-30 11:40:38,Other,Other,11,3,2,0,0,0,0.0,False,
40,29,310.0,MISC PAY,2025-01-30 15:50:18,Pune,ANDROID_B2,2025-01-30 15:50:20,Other,Other,15,3,2,4,1,0,0.0,False,
41,30,600.0,UBR#TX,2025-01-31 21:05:44,Delhi,ANDROID_A1,2025-01-31 21:05:46,Travel,Travel,21,4,5,1,0,0,0.0,False,
42,2,480.0,ZMT ORD,2025-02-01 13:20:33,Mumbai,ANDROID_B2,2025-02-01 13:20:35,Food,Food,13,5,1,3,1,0,0.0,False,
43,3,1050.0,SWIG INST,2025-02-01 19:35:57,Bangalore,IPHONE_X,2025-02-01 19:35:59,Food,Food,19,5,1,0,2,0,0.0,False,
44,4,299.0,NFLS,2025-02-02 08:50:21,Pune,ANDROID_A1,2025-02-02 08:50:23,Subscriptions,Subscriptions,8,6,4,4,0,0,0.0,False,
45,5,149.0,SPTFY,2025-02-02 22:05:14,Delhi,ANDROID_B2,2025-02-02 22:05:16,Subscriptions,Subscriptions,22,6,4,1,1,0,0.0,False,
46,6,2100.0,OLA CABS,2025-02-03 09:00:08,Mumbai,IPHONE_Y,2025-02-03 09:00:10,Travel,Travel,9,0,5,3,3,0,0.005,False,
47,7,3300.0,AMZN MKTP,2025-02-03 12:45:39,Bangalore,ANDROID_A1,2025-02-03 12:45:41,Shopping,Shopping,12,0,3,0,0,0,0.0,False,
48,8,1750.0,FLPKRT,2025-02-03 20:15:52,Pune,IPHONE_X,2025-02-03 20:15:54,Shopping,Shopping,20,0,3,4,2,0,0.0,False,
49,9,540.0,MOV TIX,2025-02-04 16:00:27,Delhi,ANDROID_B2,2025-02-04 16:00:29,Entertainment,Entertainment,16,1,0,1,1,0,0.0,False,
50,10,690.0,PVR CIN,2025-02-04 21:30:18,Mumbai,ANDROID_A1,2025-02-04 21:30:20,Entertainment,Entertainment,21,1,0,3,0,0,0.0,False,
51,11,315.0,BOOKMY,2025-02-05 14:05:46,Bangalore,IPHONE_Y,2025-02-05 14:05:48,Entertainment,Entertainment,14,2,0,0,3,0,0.0,False,
52,12,370.0,SWIGGY #123,2025-02-05 19:50:02,Pune,ANDROID_B2,2025-02-05 19:50:04,Food,Food,19,2,1,4,1,0,0.0,False,
53,13,255.0,ZOM FOOD,2025-02-06 13:10:19,Delhi,ANDROID_A1,2025-02-06 13:10:21,Food,Food,13,3,1,1,0,0,0.0,False,
54,14,399.0,NETFLX,2025-02-06 09:25:33,Mumbai,IPHONE_X,2025-02-06 09:25:35,Subscriptions,Subscriptions,9,3,4,3,2,0,0.0,False,
55,15,1299.0,PRIME VID,2025-02-07 12:35:11,Bangalore,ANDROID_B2,2025-02-07 12:35:13,Subscriptions,Subscriptions,12,4,4,0,1,0,0.0,False,
56,16,2600.0,AMAZON PAY,2025-02-07 18:40:57,Pune,ANDROID_A1,2025-02-07 18:40:59,Shopping,Shopping,18,4,3,4,0,0,0.0,False,
57,17,1900.0,FKRT BUY,2025-02-08 20:05:26,Delhi,ANDROID_B2,2025-02-08 20:05:28,Shopping,Shopping,20,5,3,1,1,0,0.0,False,
58,18,110.0,UPI DR,2025-02-08 10:15:44,Mumbai,IPHONE_Y,2025-02-08 10:15:46,Other,Other,10,5,2,3,3,0,0.0,False,
59,19,130.0,BANK TX,2025-02-09 11:35:08,Bangalore,ANDROID_A1,2025-02-09 11:35:10,Other,Other,11,6,2,0,0,0,0.0,False,
60,20,290.0,MISC PAY,2025-02-09 15:45:52,Pune,ANDROID_B2,2025-02-09 15:45:54,Other,Other,15,6,2,4,1,0,0.0,False,
61,21,580.0,UBR TRIP,2025-02-10 21:10:34,Delhi,ANDROID_A1,2025-02-10 21:10:36,Travel,Travel,21,0,5,1,0,0,0.0,False,
62,22,420.0,ZMT ORD,2025-02-11 13:25:19,Mumbai,ANDROID_B2,2025-02-11 13:25:21,Food,Food,13,1,1,3,1,0,0.0,False,
63,23,990.0,SWIG INST,2025-02-11 19:30:47,Bangalore,IPHONE_X,2025-02-11 19:30:49,Food,Food,19,1,1,0,2,0,0.0,False,
64,24,299.0,NFLS,2025-02-12 08:45:03,Pune,ANDROID_A1,2025-02-12 08:45:05,Subscriptions,Subscriptions,8,2,4,4,0,0,0.0,False,
65,25,149.0,SPTFY,2025-02-12 22:00:26,Delhi,ANDROID_B2,2025-02-12 22:00:28,Subscriptions,Subscriptions,22,2,4,1,1,0,0.0,False,
66,26,2150.0,UBER *RIDE,2025-02-13 09:10:58,Mumbai,IPHONE_Y,2025-02-13 09:11:00,Travel,Travel,9,3,5,3,3,0,0.0,False,
67,27,3500.0,AMZN*ORD,2025-02-13 12:55:41,Bangalore,ANDROID_A1,2025-02-13 12:55:43,Shopping,Shopping,12,3,3,0,0,0,0.0,False,
68,28,1850.0,FLPKRT,2025-02-13 20:20:37,Pune,IPHONE_X,2025-02-13 20:20:39,Shopping,Shopping,20,3,3,4,2,0,0.0,False,
69,29,510.0,MOVIE TKT,2025-02-14 16:10:12,Delhi,ANDROID_B2,2025-02-14 16:10:14,Entertainment,Entertainment,16,4,0,1,1,0,0.0,False,
70,30,720.0,PVR CIN,2025-02-14 21:35:55,Mumbai,ANDROID_A1,2025-02-14 21:35:57,Entertainment,Entertainment,21,4,0,3,0,0,0.0,False,
71,9,404.0,FLPKRT,2026-01-12 16:48:29,Hyderabad,IPHONE_Y,2026-01-12 16:48:31,,Shopping,16,0,3,2,3,0,0.0,False,
72,20,2074.0,MISC PAY,2025-12-12 18:13:22,Bangalore,ANDROID_B2,2025-12-12 18:13:24,,Other,18,4,2,0,1,0,0.0,False,
73,11,1181.0,FKRT BUY,2026-02-02 08:15:46,Pune,ANDROID_B2,2026-02-02 08:15:48,,Shopping,8,0,3,4,1,0,0.005,False,
74,16,2695.0,PVR CIN,2026-02-10 23:05:18,Mumbai,IPHONE_Y,2026-02-10 23:05:20,,Entertainment,23,1,0,3,3,0,0.0,False,
75,13,2432.0,UPI DR,2025-12-04 19:33:22,Pune,IPHONE_Y,2025-12-04 19:33:24,,Other,19,3,2,4,3,0,0.0,False,
76,24,1908.0,INOX,2026-01-11 16:14:07,Mumbai,IPHONE_X,2026-01-11 16:14:09,,Subscriptions,16,6,4,3,2,0,0.0,False,
77,11,2876.0,ZMT*DEL,2026-01-16 13:47:30,Bangalore,ANDROID_B2,2026-01-16 13:47:32,,Food,13,4,1,0,1,0,0.0,False,
78,24,461.0,MOVIE TKT,2026-01-14 14:23:11,Bangalore,IPHONE_X,2026-01-14 14:23:13,,Entertainment,14,2,0,0,2,0,0.0,False,
79,1,273.0,UPI DR,2025-11-23 17:55:48,Pune,ANDROID_B2,2025-11-23 17:55:50,,Other,17,6,2,4,1,0,0.0,False,
80,4,2010.0,ZMT*DEL,2026-01-20 22:03:16,Pune,IPHONE_X,2026-01-20 22:03:18,,Food,22,1,1,4,2,0,0.0,False,
81,4,2413.0,SWIGGY #123,2026-01-24 09:51:36,Bangalore,ANDROID_B2,2026-01-24 09:51:38,,Food,9,5,1,0,1,0,0.0,False,
82,3,1754.0,UBR TRIP,2025-12-17 15:58:28,Bangalore,IPHONE_Y,2025-12-17 15:58:30,,Travel,15,2,5,0,3,0,0.0,False,
83,28,2593.0,BOOKMY,2026-01-17 09:40:13,Bangalore,ANDROID_A1,2026-01-17 09:40:15,,Entertainment,9,5,0,0,0,0,0.0,False,
84,22,2310.0,SWIG INST,2026-02-12 10:26:28,Hyderabad,ANDROID_B2,2026-02-12 10:26:30,,Food,10,3,1,2,1,0,0.0,False,
85,16,2945.0,AMZN MKTP,2026-02-03 17:43:14,Bangalore,IPHONE_Y,2026-02-03 17:43:16,,Shopping,17,1,3,0,3,0,0.0,False,
86,26,2280.0,UPI DR,2026-01-09 15:52:09,Delhi,ANDROID_B2,2026-01-09 15:52:11,,Other,15,4,2,1,1,0,0.0,False,
87,2,3426.0,UBER *RIDE,2026-01-28 17:29:44,Bangalore,IPHONE_Y,2026-01-28 17:29:46,,Travel,17,2,5,0,3,0,0.005,False,
88,23,2072.0,NETFLX,2025-11-28 22:02:56,Pune,ANDROID_A1,2025-11-28 22:02:58,,Subscriptions,22,4,4,4,0,0,0.0,False,
89,24,424.0,FKRT BUY,2025-11-18 15:52:17,Hyderabad,ANDROID_A1,2025-11-18 15:52:19,,Shopping,15,1,3,2,0,0,0.0,False,
90,2,1861.0,RPD AUTO,2025-11-30 16:27:40,Pune,ANDROID_B2,2025-11-30 16:27:42,,Subscriptions,16,6,4,4,1,0,0.0,False,
91,3,1365.0,NETFLX,2026-01-01 11:26:44,Pune,ANDROID_B2,2026-01-01 11:26:46,,Subscriptions,11,3,4,4,1,0,0.0,False,
92,10,2303.0,MISC PAY,2026-02-01 09:20:16,Bangalore,IPHONE_Y,2026-02-01 09:20:18,,Other,9,6,2,0,3,0,0.0,False,
93,4,54.0,PRIME VID,2026-02-06 22:12:33,Bangalore,IPHONE_Y,2026-02-06 22:12:35,,Subscriptions,22,4,4,0,3,0,0.0,False,
94,20,883.0,SPOT SUB,2026-01-07 16:28:56,Pune,ANDROID_B2,2026-01-07 16:28:58,,Subscriptions,16,2,4,4,1,0,0.0,False,
95,4,2957.0,ZMT*DEL,2025-12-04 13:00:35,Pune,IPHONE_X,2025-12-04 13:00:37,,Food,13,3,1,4,2,0,0.0,False,
96,3,531.0,UBR TRIP,2026-01-06 12:32:45,Bangalore,IPHONE_Y,2026-01-06 12:32:47,,Travel,12,1,5,0,3,0,0.0,False,
97,14,2307.0,SPOT SUB,2026-01-19 12:58:38,Hyderabad,IPHONE_Y,2026-01-19 12:58:40,,Subscriptions,12,0,4,2,3,0,0.0,False,
98,24,3285.0,UBR TRIP,2025-12-10 21:17:52,Delhi,IPHONE_X,2025-12-10 21:17:54,,Travel,21,2,5,1,2,0,0.0,False,
99,10,2425.0,BANK TX,2025-12-17 23:34:30,Bangalore,ANDROID_B2,2025-12-17 23:34:32,,Other,23,2,2,0,1,0,0.0,False,
100,11,1368.0,MOVIE TKT,2025-12-01 14:24:14,Pune,ANDROID_B2,2025-12-01 14:24:16,,Entertainment,14,0,0,4,1,0,0.0,False,
101,2,3373.0,AMZN*ORD,2025-11-20 20:50:52,Mumbai,IPHONE_Y,2025-11-20 20:50:54,,Shopping,20,3,3,3,3,0,0.015,False,
102,16,2467.0,SWIG INST,2025-12-18 18:06:33,Pune,ANDROID_A1,2025-12-18 18:06:35,,Food,18,3,1,4,0,0,0.0,False,
103,1,2731.0,UPI DR,2025-12-14 12:50:16,Bangalore,ANDROID_A1,2025-12-14 12:50:18,,Other,12,6,2,0,0,0,0.0,False,
104,20,1395.0,MISC PAY,2025-11-24 20:45:56,Pune,IPHONE_X,2025-11-24 20:45:58,,Other,20,0,2,4,2,0,0.0,False,
105,28,1011.0,MOV TIX,2026-02-01 17:27:06,Delhi,ANDROID_B2,2026-02-01 17:27:08,,Entertainment,17,6,0,1,1,0,0.0,False,
106,15,238.0,UBER *RIDE,2026-01-06 18:22:23,Pune,ANDROID_A1,2026-01-06 18:22:25,,Travel,18,1,5,4,0,0,0.0,False,
107,5,2842.0,UBR#TX,2026-01-21 13:05:39,Pune,ANDROID_B2,2026-01-21 13:05:41,,Travel,13,2,5,4,1,0,0.0,False,
108,20,2438.0,UPI DR,2025-12-15 12:40:16,Pune,ANDROID_B2,2025-12-15 12:40:18,,Other,12,0,2,4,1,0,0.0,False,
109,9,1955.0,UNKNOWN TXN,2026-02-03 17:28:22,Hyderabad,ANDROID_B2,2026-02-03 17:28:24,,Subscriptions,17,1,4,2,1,0,0.0,False,
110,10,1921.0,MISC PAY,2025-12-25 17:54:30,Delhi,ANDROID_B2,2025-12-25 17:54:32,,Other,17,3,2,1,1,0,0.0,False,
111,8,1261.0,PRIME VID,2025-11-20 17:25:17,Delhi,ANDROID_A1,2025-11-20 17:25:19,,Subscriptions,17,3,4,1,0,0,0.0,False,
112,19,3102.0,UNKNOWN TXN,2026-01-14 23:38:51,Bangalore,IPHONE_X,2026-01-14 23:38:53,,Subscriptions,23,2,4,0,2,0,0.0,False,
113,8,2826.0,UPI DR,2025-11-24 12:41:02,Bangalore,ANDROID_A1,2025-11-24 12:41:04,,Other,12,0,2,0,0,0,0.0,False,
114,26,3049.0,NFLS,2026-01-06 12:20:47,Pune,ANDROID_A1,2026-01-06 12:20:49,,Subscriptions,12,1,4,4,0,0,0.0,False,
115,6,1548.0,OLA CABS,2026-01-11 16:58:52,Pune,ANDROID_B2,2026-01-11 16:58:54,,Travel,16,6,5,4,1,0,0.0,False,
116,26,1968.0,AMAZON PAY,2026-01-15 10:55:43,Pune,ANDROID_B2,2026-01-15 10:55:45,,Shopping,10,3,3,4,1,0,0.0,False,
117,28,1666.0,INOX,2025-12-06 08:07:29,Bangalore,IPHONE_X,2025-12-06 08:07:31,,Subscriptions,8,5,4,0,2,0,0.0,False,
118,22,3418.0,BANK TX,2025-11-18 19:14:30,Delhi,ANDROID_A1,2025-11-18 19:14:32,,Other,19,1,2,1,0,0,0.0,False,
119,20,956.0,INOX,2025-11-15 10:19:41,Pune,IPHONE_Y,2025-11-15 10:19:43,,Subscriptions,10,5,4,4,3,0,0.0,False,
120,4,1296.0,UBR TRIP,2026-01-31 23:15:56,Hyderabad,ANDROID_A1,2026-01-31 23:15:58,,Travel,23,5,5,2,0,0,0.0,False,
121,5,3093.0,SPOT SUB,2025-12-21 21:41:06,Pune,ANDROID_B2,2025-12-21 21:41:08,,Subscriptions,21,6,4,4,1,0,0.0,False,
122,20,49283.0,NETFLX,2025-12-18 02:15:54,Bangalore,NEW_DEVICE_4,2025-12-18 02:15:56,,Subscriptions,2,3,4,0,7,1,0.98,True,"Late-night transaction, Rare device usage, Very high fraud probability"
123,4,2691.0,BANK TX,2025-12-24 19:17:12,Delhi,ANDROID_A1,2025-12-24 19:17:14,,Other,19,2,2,1,0,0,0.0,False,
124,28,2678.0,NFLS,2026-01-01 08:15:08,Hyderabad,ANDROID_A1,2026-01-01 08:15:10,,Subscriptions,8,3,4,2,0,0,0.0,False,
125,7,934.0,ZMT*DEL,2026-01-25 15:50:57,Hyderabad,IPHONE_X,2026-01-25 15:50:59,,Food,15,6,1,2,2,0,0.0,False,
126,1,2262.0,FLPKRT,2026-01-29 16:42:55,Delhi,ANDROID_B2,2026-01-29 16:42:57,,Shopping,16,3,3,1,1,0,0.0,False,
127,5,1024.0,ZOM FOOD,2026-01-21 18:16:03,Mumbai,ANDROID_A1,2026-01-21 18:16:05,,Food,18,2,1,3,0,0,0.0,False,
128,24,310.0,PRIME VID,2025-12-28 23:32:37,Delhi,IPHONE_Y,2025-12-28 23:32:39,,Subscriptions,23,6,4,1,3,0,0.0,False,
129,15,227.0,PVR CIN,2025-11-22 17:01:03,Pune,IPHONE_Y,2025-11-22 17:01:05,,Entertainment,17,5,0,4,3,0,0.0,False,
130,28,2058.0,SPOT SUB,2026-02-02 22:20:38,Mumbai,ANDROID_A1,2026-02-02 22:20:40,,Subscriptions,22,0,4,3,0,0,0.0,False,
131,3,2447.0,UBER *RIDE,2025-11-28 18:33:18,Pune,IPHONE_Y,2025-11-28 18:33:20,,Travel,18,4,5,4,3,0,0.0,False,
132,17,2924.0,BOOKMY,2025-12-19 11:28:56,Mumbai,ANDROID_B2,2025-12-19 11:28:58,,Entertainment,11,4,0,3,1,0,0.0,False,
133,14,3038.0,AMZN*ORD,2025-12-20 11:20:42,Bangalore,IPHONE_X,2025-12-20 11:20:44,,Shopping,11,5,3,0,2,0,0.0,False,
134,12,30594.0,RPD AUTO,2026-01-31 01:47:47,Bangalore,NEW_DEVICE_4,2026-01-31 01:47:49,,Subscriptions,1,5,4,0,7,1,0.98,True,"Late-night transaction, Rare device usage, Very high fraud probability"
135,26,61804.0,UBR#TX,2025-12-22 03:22:55,Pune,NEW_DEVICE_1,2025-12-22 03:22:57,,Travel,3,0,5,4,4,1,0.995,True,"High transaction amount, Late-night transaction, Rare device usage, Very high fraud probability"
136,28,2509.0,UNKNOWN TXN,2026-01-30 17:36:32,Mumbai,IPHONE_X,2026-01-30 17:36:34,,Subscriptions,17,4,4,3,2,0,0.0,False,
137,5,493.0,MISC PAY,2026-01-29 19:48:17,Hyderabad,IPHONE_X,2026-01-29 19:48:19,,Other,19,3,2,2,2,0,0.0,False,
138,8,3402.0,PRIME VID,2026-02-09 08:11:17,Bangalore,IPHONE_X,2026-02-09 08:11:19,,Subscriptions,8,0,4,0,2,0,0.09,False,
139,30,34388.0,AMAZON PAY,2026-01-25 04:47:40,Delhi,NEW_DEVICE_1,2026-01-25 04:47:42,,Shopping,4,6,3,1,4,1,0.965,True,"Late-night transaction, Rare device usage, Very high fraud probability"
140,3,1908.0,UPI DR,2025-12-27 18:19:46,Bangalore,ANDROID_B2,2025-12-27 18:19:48,,Other,18,5,2,0,1,0,0.0,False,
141,25,265.0,MOVIE TKT,2025-11-25 12:03:43,Delhi,ANDROID_B2,2025-11-25 12:03:45,,Entertainment,12,1,0,1,1,0,0.0,False,
142,9,1860.0,SPOT SUB,2026-01-16 21:48:32,Delhi,IPHONE_X,2026-01-16 21:48:34,,Subscriptions,21,4,4,1,2,0,0.0,False,
143,12,2829.0,NFLS,2026-02-07 23:14:25,Hyderabad,IPHONE_X,2026-02-07 23:14:27,,Subscriptions,23,5,4,2,2,0,0.0,False,
144,2,915.0,SWIG INST,2026-01-06 12:20:07,Delhi,IPHONE_X,2026-01-06 12:20:09,,Food,12,1,1,1,2,0,0.0,False,
145,16,1607.0,MISC PAY,2026-02-03 15:25:55,Delhi,IPHONE_X,2026-02-03 15:25:57,,Other,15,1,2,1,2,0,0.0,False,
146,14,1332.0,SWIGGY #123,2025-11-23 21:26:18,Delhi,IPHONE_Y,2025-11-23 21:26:20,,Food,21,6,1,1,3,0,0.0,False,
147,13,2581.0,ZOM FOOD,2026-02-01 22:27:54,Delhi,IPHONE_X,2026-02-01 22:27:56,,Food,22,6,1,1,2,0,0.0,False,
148,8,372.0,PRIME VID,2025-12-31 20:14:21,Mumbai,IPHONE_X,2025-12-31 20:14:23,,Subscriptions,20,2,4,3,2,0,0.0,False,
149,3,844.0,MOV TIX,2025-11-22 19:52:09,Mumbai,IPHONE_X,2025-11-22 19:52:11,,Entertainment,19,5,0,3,2,0,0.0,False,
150,4,2517.0,UBER *RIDE,2026-01-21 12:49:40,Pune,ANDROID_A1,2026-01-21 12:49:42,,Travel,12,2,5,4,0,0,0.0,False,
151,15,2362.0,MOVIE TKT,2026-01-24 18:28:04,Pune,IPHONE_X,2026-01-24 18:28:06,,Entertainment,18,5,0,4,2,0,0.0,False,
152,15,2472.0,BANK TX,2025-12-10 09:04:19,Pune,IPHONE_X,2025-12-10 09:04:21,,Other,9,2,2,4,2,0,0.0,False,
153,15,1225.0,ZMT ORD,2025-11-26 10:38:32,Pune,ANDROID_A1,2025-11-26 10:38:34,,Food,10,2,1,4,0,0,0.0,False,
154,15,3076.0,MOVIE TKT,2025-12-01 09:41:12,Bangalore,IPHONE_Y,2025-12-01 09:41:14,,Entertainment,9,0,0,0,3,0,0.0,False,
155,20,303.0,PRIME VID,2025-12-31 22:45:05,Hyderabad,ANDROID_A1,2025-12-31 22:45:07,,Subscriptions,22,2,4,2,0,0,0.0,False,
156,21,1843.0,UBR TRIP,2025-12-28 22:23:58,Bangalore,ANDROID_B2,2025-12-28 22:24:00,,Travel,22,6,5,0,1,0,0.0,False,
157,13,264.0,NETFLX,2026-01-01 18:06:35,Pune,ANDROID_A1,2026-01-01 18:06:37,,Subscriptions,18,3,4,4,0,0,0.0,False,
158,10,1415.0,FKRT BUY,2025-12-30 10:19:41,Pune,ANDROID_B2,2025-12-30 10:19:43,,Shopping,10,1,3,4,1,0,0.0,False,
159,5,1592.0,MOV TIX,2025-11-19 18:44:53,Hyderabad,ANDROID_B2,2025-11-19 18:44:55,,Entertainment,18,2,0,2,1,0,0.0,False,
160,3,124.0,MISC PAY,2026-01-20 19:13:21,Pune,IPHONE_X,2026-01-20 19:13:23,,Other,19,1,2,4,2,0,0.0,False,
161,7,1261.0,OLA CABS,2025-11-20 11:21:56,Hyderabad,ANDROID_A1,2025-11-20 11:21:58,,Travel,11,3,5,2,0,0,0.0,False,
162,5,790.0,BOOKMY,2026-02-07 13:26:23,Mumbai,IPHONE_Y,2026-02-07 13:26:25,,Entertainment,13,5,0,3,3,0,0.0,False,
163,15,3260.0,INOX,2025-12-06 22:15:19,Pune,ANDROID_B2,2025-12-06 22:15:21,,Subscriptions,22,5,4,4,1,0,0.0,False,
164,29,2386.0,UBER *RIDE,2026-01-07 22:49:24,Hyderabad,IPHONE_Y,2026-01-07 22:49:26,,Travel,22,2,5,2,3,0,0.0,False,
165,17,3331.0,SPTFY,2026-02-06 12:41:30,Bangalore,IPHONE_X,2026-02-06 12:41:32,,Subscriptions,12,4,4,0,2,0,0.01,False,
166,18,1217.0,ZMT*DEL,2026-01-09 10:28:57,Hyderabad,ANDROID_B2,2026-01-09 10:28:59,,Food,10,4,1,2,1,0,0.0,False,
167,5,959.0,NFLS,2026-02-09 22:26:03,Pune,IPHONE_X,2026-02-09 22:26:05,,Subscriptions,22,0,4,4,2,0,0.0,False,
168,17,384.0,FLPKRT,2026-02-09 19:20:59,Delhi,ANDROID_B2,2026-02-09 19:21:01,,Shopping,19,0,3,1,1,0,0.0,False,
169,27,613.0,BANK TX,2025-12-14 09:44:53,Mumbai,IPHONE_X,2025-12-14 09:44:55,,Other,9,6,2,3,2,0,0.0,False,
170,25,71.0,MISC PAY,2026-01-11 10:13:53,Mumbai,ANDROID_A1,2026-01-11 10:13:55,,Other,10,6,2,3,0,0,0.0,False,
171,18,1230.0,MISC PAY,2026-01-28 15:03:15,Pune,IPHONE_X,2026-01-28 15:03:17,,Other,15,2,2,4,2,0,0.0,False,
172,21,57756.0,BOOKMY,2025-12-01 01:15:45,Mumbai,NEW_DEVICE_5,2025-12-01 01:15:47,,Entertainment,1,0,0,3,8,1,0.995,True,"High transaction amount, Late-night transaction, Rare device usage, Very high fraud probability"
173,10,1035.0,NFLS,2025-11-19 21:42:05,Hyderabad,ANDROID_B2,2025-11-19 21:42:07,,Subscriptions,21,2,4,2,1,0,0.0,False,
174,12,3271.0,ZMT*DEL,2025-12-14 08:02:40,Pune,IPHONE_Y,2025-12-14 08:02:42,,Food,8,6,1,4,3,0,0.055,False,
175,12,326.0,AMZN MKTP,2025-11-20 19:40:06,Hyderabad,ANDROID_B2,2025-11-20 19:40:08,,Shopping,19,3,3,2,1,0,0.0,False,
176,24,60783.0,FLPKRT,2025-11-17 03:29:44,Pune,NEW_DEVICE_2,2025-11-17 03:29:46,,Shopping,3,0,3,4,5,1,1.0,True,"High transaction amount, Late-night transaction, Rare device usage, Very high fraud probability"
177,21,54994.0,OLA CABS,2026-01-18 01:02:50,Mumbai,NEW_DEVICE_3,2026-01-18 01:02:52,,Travel,1,6,5,3,6,1,0.995,True,"High transaction amount, Late-night transaction, Rare device usage, Very high fraud probability"
178,29,2161.0,ZOM FOOD,2026-01-11 20:02:48,Mumbai,IPHONE_Y,2026-01-11 20:02:50,,Food,20,6,1,3,3,0,0.0,False,
179,10,1409.0,AMZN MKTP,2025-12-27 16:27:56,Pune,ANDROID_A1,2025-12-27 16:27:58,,Shopping,16,5,3,4,0,0,0.0,False,
180,24,815.0,SPOT SUB,2025-12-27 23:59:51,Hyderabad,IPHONE_Y,2025-12-27 23:59:53,,Subscriptions,23,5,4,2,3,0,0.0,False,
181,9,2517.0,SWIGGY #123,2026-01-02 13:06:05,Bangalore,IPHONE_X,2026-01-02 13:06:07,,Food,13,4,1,0,2,0,0.0,False,
182,22,2989.0,AMAZON PAY,2025-11-16 21:28:22,Pune,ANDROID_B2,2025-11-16 21:28:24,,Shopping,21,6,3,4,1,0,0.0,False,
183,2,1831.0,BANK TX,2026-02-03 16:42:40,Pune,ANDROID_A1,2026-02-03 16:42:42,,Other,16,1,2,4,0,0,0.0,False,
184,12,634.0,PVR CIN,2026-01-27 22:04:15,Bangalore,ANDROID_A1,2026-01-27 22:04:17,,Entertainment,22,1,0,0,0,0,0.0,False,
185,12,35055.0,PRIME VID,2025-12-27 04:28:48,Delhi,NEW_DEVICE_3,2025-12-27 04:28:50,,Subscriptions,4,5,4,1,6,1,0.995,True,"Late-night transaction, Rare device usage, Very high fraud probability"
186,19,1337.0,UBR#TX,2026-01-29 16:01:47,Mumbai,ANDROID_B2,2026-01-29 16:01:49,,Travel,16,3,5,3,1,0,0.0,False,
187,16,532.0,BOOKMY,2025-12-17 16:13:39,Bangalore,IPHONE_X,2025-12-17 16:13:41,,Entertainment,16,2,0,0,2,0,0.0,False,
188,23,353.0,SPTFY,2025-12-18 22:05:51,Bangalore,ANDROID_B2,2025-12-18 22:05:53,,Subscriptions,22,3,4,0,1,0,0.0,False,
189,22,1239.0,AMZN MKTP,2025-11-15 17:40:11,Bangalore,ANDROID_B2,2025-11-15 17:40:13,,Shopping,17,5,3,0,1,0,0.0,False,
190,17,3294.0,UBR TRIP,2025-12-11 12:01:23,Hyderabad,ANDROID_B2,2025-12-11 12:01:25,,Travel,12,3,5,2,1,0,0.0,False,
191,19,2309.0,AMZN*ORD,2026-02-04 12:19:25,Pune,ANDROID_A1,2026-02-04 12:19:27,,Shopping,12,2,3,4,0,0,0.0,False,
192,17,352.0,SPOT SUB,2025-11-22 12:04:28,Pune,IPHONE_X,2025-11-22 12:04:30,,Subscriptions,12,5,4,4,2,0,0.0,False,
193,22,3445.0,INOX,2025-12-19 13:32:58,Delhi,ANDROID_B2,2025-12-19 13:33:00,,Subscriptions,13,4,4,1,1,0,0.0,False,
194,27,724.0,ZMT*DEL,2026-01-15 13:22:33,Bangalore,IPHONE_X,2026-01-15 13:22:35,,Food,13,3,1,0,2,0,0.0,False,
195,28,2306.0,ZOM FOOD,2025-11-24 16:19:39,Hyderabad,ANDROID_B2,2025-11-24 16:19:41,,Food,16,0,1,2,1,0,0.0,False,
196,3,2428.0,PVR CIN,2025-11-20 12:39:46,Hyderabad,ANDROID_B2,2025-11-20 12:39:48,,Entertainment,12,3,0,2,1,0,0.0,False,
197,11,166.0,MOV TIX,2025-11-22 10:49:36,Bangalore,ANDROID_A1,2025-11-22 10:49:38,,Entertainment,10,5,0,0,0,0,0.0,False,
198,21,2667.0,UBR#TX,2025-11-24 08:34:18,Bangalore,IPHONE_Y,2025-11-24 08:34:20,,Travel,8,0,5,0,3,0,0.01,False,
199,16,348.0,RPD AUTO,2025-12-18 09:26:30,Pune,ANDROID_B2,2025-12-18 09:26:32,,Subscriptions,9,3,4,4,1,0,0.0,False,
200,7,2992.0,FKRT BUY,2025-12-23 18:08:48,Bangalore,IPHONE_X,2025-12-23 18:08:50,,Shopping,18,1,3,0,2,0,0.0,False,
201,17,1960.0,MOV TIX,2025-12-17 11:15:09,Delhi,IPHONE_X,2025-12-17 11:15:11,,Entertainment,11,2,0,1,2,0,0.0,False,
202,2,1762.0,AMZN*ORD,2026-01-02 15:59:36,Bangalore,ANDROID_B2,2026-01-02 15:59:38,,Shopping,15,4,3,0,1,0,0.0,False,
203,7,1962.0,RPD AUTO,2025-12-11 23:01:05,Pune,IPHONE_X,2025-12-11 23:01:07,,Subscriptions,23,3,4,4,2,0,0.0,False,
204,17,1495.0,SPTFY,2026-01-07 09:31:38,Pune,ANDROID_A1,2026-01-07 09:31:40,,Subscriptions,9,2,4,4,0,0,0.0,False,
205,10,1815.0,MOV TIX,2025-12-28 12:48:25,Bangalore,IPHONE_X,2025-12-28 12:48:27,,Entertainment,12,6,0,0,2,0,0.0,False,
206,2,847.0,NFLS,2026-02-03 19:24:32,Pune,IPHONE_X,2026-02-03 19:24:34,,Subscriptions,19,1,4,4,2,0,0.0,False,
207,25,2602.0,INOX,2026-01-31 11:25:23,Bangalore,ANDROID_B2,2026-01-31 11:25:25,,Subscriptions,11,5,4,0,1,0,0.0,False,
208,18,2135.0,FLPKRT,2026-02-07 20:02:08,Bangalore,ANDROID_A1,2026-02-07 20:02:10,,Shopping,20,5,3,0,0,0,0.0,False,
209,26,2533.0,PRIME VID,2025-11-26 12:20:10,Pune,IPHONE_X,2025-11-26 12:20:12,,Subscriptions,12,2,4,4,2,0,0.0,False,
210,20,2127.0,BANK TX,2025-12-14 23:52:01,Bangalore,IPHONE_X,2025-12-14 23:52:03,,Other,23,6,2,0,2,0,0.0,False,
211,11,2440.0,UNKNOWN TXN,2025-11-28 17:30:16,Hyderabad,ANDROID_A1,2025-11-28 17:30:18,,Subscriptions,17,4,4,2,0,0,0.0,False,
212,19,748.0,UBR TRIP,2025-11-17 20:15:02,Hyderabad,ANDROID_B2,2025-11-17 20:15:04,,Travel,20,0,5,2,1,0,0.0,False,
213,23,45558.0,SWIG INST,2025-12-22 04:44:13,Pune,NEW_DEVICE_2,2025-12-22 04:44:15,,Food,4,0,1,4,5,1,1.0,True,"Late-night transaction, Rare device usage, Very high fraud probability"
214,17,3063.0,BOOKMY,2025-12-08 09:13:35,Bangalore,ANDROID_B2,2025-12-08 09:13:37,,Entertainment,9,0,0,0,1,0,0.0,False,
215,22,759.0,PRIME VID,2025-12-05 22:22:43,Bangalore,IPHONE_X,2025-12-05 22:22:45,,Subscriptions,22,4,4,0,2,0,0.0,False,
216,20,1192.0,SPTFY,2026-01-05 17:49:18,Mumbai,ANDROID_B2,2026-01-05 17:49:20,,Subscriptions,17,0,4,3,1,0,0.0,False,
217,23,1478.0,MISC PAY,2026-01-28 16:36:43,Hyderabad,IPHONE_X,2026-01-28 16:36:45,,Other,16,2,2,2,2,0,0.0,False,
218,13,3345.0,NETFLX,2026-02-07 12:18:45,Delhi,IPHONE_X,2026-02-07 12:18:47,,Subscriptions,12,5,4,1,2,0,0.0,False,
219,12,926.0,NETFLX,2025-12-03 14:44:17,Mumbai,IPHONE_X,2025-12-03 14:44:19,,Subscriptions,14,2,4,3,2,0,0.0,False,
220,4,257.0,MOVIE TKT,2026-02-06 15:06:26,Bangalore,ANDROID_B2,2026-02-06 15:06:28,,Entertainment,15,4,0,0,1,0,0.0,False,
221,23,613.0,NFLS,2025-12-22 08:41:59,Pune,ANDROID_B2,2025-12-22 08:42:01,,Subscriptions,8,0,4,4,1,0,0.005,False,
222,16,1226.0,UPI DR,2025-11-22 18:03:58,Delhi,IPHONE_X,2025-11-22 18:04:00,,Other,18,5,2,1,2,0,0.0,False,
223,21,3011.0,PVR CIN,2025-12-21 09:56:53,Mumbai,ANDROID_B2,2025-12-21 09:56:55,,Entertainment,9,6,0,3,1,0,0.0,False,
224,30,813.0,SWIGGY #123,2026-02-11 17:19:36,Hyderabad,ANDROID_A1,2026-02-11 17:19:38,,Food,17,2,1,2,0,0,0.0,False,
225,4,2676.0,AMAZON PAY,2025-12-10 23:29:17,Mumbai,ANDROID_B2,2025-12-10 23:29:19,,Shopping,23,2,3,3,1,0,0.0,False,
226,26,1929.0,ZOM FOOD,2026-02-11 16:47:21,Bangalore,ANDROID_B2,2026-02-11 16:47:23,,Food,16,2,1,0,1,0,0.0,False,
227,19,2666.0,UPI DR,2025-12-09 20:20:05,Pune,IPHONE_Y,2025-12-09 20:20:07,,Other,20,1,2,4,3,0,0.0,False,
228,22,2005.0,SWIG INST,2026-02-12 18:16:24,Mumbai,ANDROID_B2,2026-02-12 18:16:26,,Food,18,3,1,3,1,0,0.0,False,
229,15,3010.0,AMAZON PAY,2025-11-21 08:23:44,Mumbai,IPHONE_X,2025-11-21 08:23:46,,Shopping,8,4,3,3,2,0,0.0,False,
230,2,704.0,UNKNOWN TXN,2025-11-16 20:07:40,Bangalore,IPHONE_X,2025-11-16 20:07:42,,Subscriptions,20,6,4,0,2,0,0.0,False,
231,12,597.0,PVR CIN,2025-12-16 23:47:38,Bangalore,ANDROID_B2,2025-12-16 23:47:40,,Entertainment,23,1,0,0,1,0,0.0,False,
232,14,3334.0,MISC PAY,2025-11-17 14:48:38,Delhi,ANDROID_B2,2025-11-17 14:48:40,,Other,14,0,2,1,1,0,0.035,False,
233,17,369.0,PRIME VID,2025-12-04 11:57:32,Mumbai,ANDROID_A1,2025-12-04 11:57:34,,Subscriptions,11,3,4,3,0,0,0.0,False,
234,19,2181.0,PVR CIN,2025-11-17 22:13:45,Hyderabad,ANDROID_A1,2025-11-17 22:13:47,,Entertainment,22,0,0,2,0,0,0.0,False,
235,16,277.0,ZMT*DEL,2025-12-09 22:26:29,Hyderabad,ANDROID_B2,2025-12-09 22:26:31,,Food,22,1,1,2,1,0,0.0,False,
236,2,1312.0,BOOKMY,2026-01-11 08:52:00,Mumbai,IPHONE_Y,2026-01-11 08:52:02,,Entertainment,8,6,0,3,3,0,0.0,False,
237,19,2918.0,ZMT ORD,2026-02-04 10:59:30,Delhi,ANDROID_A1,2026-02-04 10:59:32,,Food,10,2,1,1,0,0,0.0,False,
238,10,3186.0,SPTFY,2025-12-26 21:28:55,Pune,IPHONE_X,2025-12-26 21:28:57,,Subscriptions,21,4,4,4,2,0,0.0,False,
239,13,1474.0,ZMT*DEL,2025-12-06 11:25:33,Mumbai,ANDROID_B2,2025-12-06 11:25:35,,Food,11,5,1,3,1,0,0.0,False,
240,24,1272.0,UBR TRIP,2025-12-06 22:24:52,Mumbai,IPHONE_Y,2025-12-06 22:24:54,,Travel,22,5,5,3,3,0,0.0,False,
241,8,822.0,NETFLX,2025-11-20 11:26:39,Delhi,ANDROID_A1,2025-11-20 11:26:41,,Subscriptions,11,3,4,1,0,0,0.0,False,
242,8,187.0,UBR TRIP,2026-01-12 22:47:02,Pune,ANDROID_A1,2026-01-12 22:47:04,,Travel,22,0,5,4,0,0,0.0,False,
243,15,3228.0,UBR#TX,2025-12-10 09:18:14,Hyderabad,ANDROID_B2,2025-12-10 09:18:16,,Travel,9,2,5,2,1,0,0.0,False,
244,11,3402.0,MOVIE TKT,2026-01-05 18:56:09,Hyderabad,ANDROID_B2,2026-01-05 18:56:11,,Entertainment,18,0,0,2,1,0,0.02,False,
245,8,2330.0,NETFLX,2025-12-03 13:31:03,Bangalore,IPHONE_Y,2025-12-03 13:31:05,,Subscriptions,13,2,4,0,3,0,0.0,False,
246,21,1355.0,MISC PAY,2026-01-24 21:19:24,Mumbai,IPHONE_Y,2026-01-24 21:19:26,,Other,21,5,2,3,3,0,0.0,False,
247,25,973.0,BOOKMY,2025-12-15 17:58:03,Hyderabad,ANDROID_B2,2025-12-15 17:58:05,,Entertainment,17,0,0,2,1,0,0.0,False,
248,14,1640.0,PRIME VID,2026-01-17 15:21:41,Delhi,IPHONE_X,2026-01-17 15:21:43,,Subscriptions,15,5,4,1,2,0,0.0,False,
249,30,3017.0,NETFLX,2026-01-09 14:24:43,Hyderabad,ANDROID_A1,2026-01-09 14:24:45,,Subscriptions,14,4,4,2,0,0,0.0,False,
250,20,3169.0,ZMT ORD,2026-01-17 14:55:58,Bangalore,IPHONE_Y,2026-01-17 14:56:00,,Food,14,5,1,0,3,0,0.0,False,
251,10,3087.0,SWIG INST,2026-01-12 11:44:38,Mumbai,IPHONE_Y,2026-01-12 11:44:40,,Food,11,0,1,3,3,0,0.0,False,
252,13,1209.0,UBR#TX,2025-12-06 20:41:22,Bangalore,IPHONE_Y,2025-12-06 20:41:24,,Travel,20,5,5,0,3,0,0.0,False,
253,9,1958.0,FKRT BUY,2026-01-03 11:58:13,Bangalore,IPHONE_Y,2026-01-03 11:58:15,,Shopping,11,5,3,0,3,0,0.0,False,
254,11,956.0,NFLS,2026-01-10 12:35:59,Hyderabad,ANDROID_A1,2026-01-10 12:36:01,,Subscriptions,12,5,4,2,0,0,0.0,False,
255,19,853.0,MISC PAY,2025-12-26 18:36:53,Mumbai,ANDROID_B2,2025-12-26 18:36:55,,Other,18,4,2,3,1,0,0.0,False,
256,16,3415.0,INOX,2025-12-16 23:10:46,Bangalore,IPHONE_Y,2025-12-16 23:10:48,,Subscriptions,23,1,4,0,3,0,0.0,False,
257,6,2270.0,UBR#TX,2026-02-03 09:52:42,Delhi,ANDROID_A1,2026-02-03 09:52:44,,Travel,9,1,5,1,0,0,0.0,False,
258,25,2633.0,SWIGGY #123,2026-01-24 15:00:13,Hyderabad,ANDROID_A1,2026-01-24 15:00:15,,Food,15,5,1,2,0,0,0.0,False,
259,15,2781.0,AMZN MKTP,2026-02-10 23:00:34,Hyderabad,IPHONE_Y,2026-02-10 23:00:36,,Shopping,23,1,3,2,3,0,0.0,False,
260,14,1175.0,ZMT ORD,2025-12-10 17:52:44,Pune,ANDROID_A1,2025-12-10 17:52:46,,Food,17,2,1,4,0,0,0.0,False,
261,26,2197.0,UBR TRIP,2026-01-19 12:39:33,Bangalore,ANDROID_B2,2026-01-19 12:39:35,,Travel,12,0,5,0,1,0,0.0,False,
262,27,373.0,AMAZON PAY,2025-12-16 19:36:15,Mumbai,IPHONE_Y,2025-12-16 19:36:17,,Shopping,19,1,3,3,3,0,0.0,False,
263,10,2711.0,UNKNOWN TXN,2025-12-23 09:24:24,Hyderabad,ANDROID_A1,2025-12-23 09:24:26,,Subscriptions,9,1,4,2,0,0,0.0,False,
264,16,388.0,ZMT ORD,2025-11-22 23:50:21,Hyderabad,IPHONE_Y,2025-11-22 23:50:23,,Food,23,5,1,2,3,0,0.0,False,
265,28,991.0,ZMT*DEL,2026-01-09 14:02:59,Delhi,IPHONE_Y,2026-01-09 14:03:01,,Food,14,4,1,1,3,0,0.0,False,
266,22,184.0,FKRT BUY,2026-02-10 13:13:37,Mumbai,IPHONE_X,2026-02-10 13:13:39,,Shopping,13,1,3,3,2,0,0.0,False,
267,25,1275.0,MISC PAY,2025-12-02 13:53:54,Pune,ANDROID_B2,2025-12-02 13:53:56,,Other,13,1,2,4,1,0,0.0,False,
268,22,3079.0,INOX,2025-12-10 12:47:22,Delhi,ANDROID_A1,2025-12-10 12:47:24,,Subscriptions,12,2,4,1,0,0,0.0,False,
269,4,1445.0,SPTFY,2026-02-09 20:40:17,Pune,IPHONE_X,2026-02-09 20:40:19,,Subscriptions,20,0,4,4,2,0,0.0,False,
270,16,1587.0,UBER *RIDE,2025-11-17 21:37:42,Pune,ANDROID_B2,2025-11-17 21:37:44,,Travel,21,0,5,4,1,0,0.0,False,
271,3,2970.0,INOX,2026-01-09 10:09:24,Mumbai,ANDROID_A1,2026-01-09 10:09:26,,Subscriptions,10,4,4,3,0,0,0.0,False,
272,24,424.0,NETFLX,2025-12-18 08:23:48,Bangalore,IPHONE_X,2025-12-18 08:23:50,,Subscriptions,8,3,4,0,2,0,0.0,False,
273,4,1888.0,UBR TRIP,2026-02-09 21:05:22,Hyderabad,ANDROID_A1,2026-02-09 21:05:24,,Travel,21,0,5,2,0,0,0.0,False,
274,3,1627.0,MOVIE TKT,2025-12-22 08:24:49,Delhi,IPHONE_X,2025-12-22 08:24:51,,Entertainment,8,0,0,1,2,0,0.0,False,
275,24,744.0,PVR CIN,2026-01-26 20:17:19,Bangalore,ANDROID_B2,2026-01-26 20:17:21,,Entertainment,20,0,0,0,1,0,0.0,False,
276,16,1180.0,UBR TRIP,2025-12-13 21:50:04,Bangalore,IPHONE_X,2025-12-13 21:50:06,,Travel,21,5,5,0,2,0,0.0,False,
277,9,850.0,RPD AUTO,2026-01-26 22:19:00,Pune,ANDROID_A1,2026-01-26 22:19:02,,Subscriptions,22,0,4,4,0,0,0.0,False,
278,11,1399.0,BOOKMY,2025-12-19 22:52:52,Hyderabad,IPHONE_X,2025-12-19 22:52:54,,Entertainment,22,4,0,2,2,0,0.0,False,
279,5,2897.0,AMAZON PAY,2026-01-03 14:11:25,Bangalore,IPHONE_Y,2026-01-03 14:11:27,,Shopping,14,5,3,0,3,0,0.0,False,
280,10,3252.0,MISC PAY,2025-12-26 15:17:52,Pune,IPHONE_X,2025-12-26 15:17:54,,Other,15,4,2,4,2,0,0.0,False,
281,12,2284.0,ZMT*DEL,2025-12-15 13:45:13,Pune,ANDROID_A1,2025-12-15 13:45:15,,Food,13,0,1,4,0,0,0.0,False,
282,26,3309.0,AMZN MKTP,2026-01-26 21:40:19,Mumbai,IPHONE_Y,2026-01-26 21:40:21,,Shopping,21,0,3,3,3,0,0.005,False,
283,9,3282.0,UPI DR,2025-12-17 20:38:30,Hyderabad,ANDROID_A1,2025-12-17 20:38:32,,Other,20,2,2,2,0,0,0.0,False,
284,13,2883.0,MOVIE TKT,2025-12-28 21:44:57,Hyderabad,ANDROID_A1,2025-12-28 21:44:59,,Entertainment,21,6,0,2,0,0,0.0,False,
285,20,1066.0,UNKNOWN TXN,2025-11-22 19:39:02,Hyderabad,ANDROID_B2,2025-11-22 19:39:04,,Subscriptions,19,5,4,2,1,0,0.0,False,
286,21,1408.0,MISC PAY,2026-02-11 21:06:16,Mumbai,ANDROID_A1,2026-02-11 21:06:18,,Other,21,2,2,3,0,0,0.0,False,
287,17,1652.0,UPI DR,2025-12-30 22:01:30,Delhi,ANDROID_B2,2025-12-30 22:01:32,,Other,22,1,2,1,1,0,0.0,False,
288,10,3040.0,NFLS,2026-01-04 12:21:29,Mumbai,IPHONE_X,2026-01-04 12:21:31,,Subscriptions,12,6,4,3,2,0,0.0,False,
289,17,1844.0,NETFLX,2026-02-04 22:19:02,Delhi,IPHONE_X,2026-02-04 22:19:04,,Subscriptions,22,2,4,1,2,0,0.0,False,
290,1,723.0,AMZN MKTP,2025-12-04 15:10:21,Hyderabad,ANDROID_B2,2025-12-04 15:10:23,,Shopping,15,3,3,2,1,0,0.0,False,
291,14,2629.0,SPTFY,2025-11-23 13:42:27,Pune,ANDROID_B2,2025-11-23 13:42:29,,Subscriptions,13,6,4,4,1,0,0.0,False,
292,1,1809.0,UPI DR,2026-01-16 20:13:17,Delhi,ANDROID_A1,2026-01-16 20:13:19,,Other,20,4,2,1,0,0,0.0,False,
293,19,1385.0,ZMT*DEL,2026-01-29 14:16:42,Pune,IPHONE_Y,2026-01-29 14:16:44,,Food,14,3,1,4,3,0,0.0,False,
294,17,2553.0,BANK TX,2025-12-30 20:22:54,Pune,ANDROID_A1,2025-12-30 20:22:56,,Other,20,1,2,4,0,0,0.0,False,
295,20,2467.0,UBER *RIDE,2026-01-03 10:07:15,Bangalore,ANDROID_B2,2026-01-03 10:07:17,,Travel,10,5,5,0,1,0,0.0,False,
296,4,2142.0,UBER *RIDE,2025-11-28 20:08:36,Pune,IPHONE_Y,2025-11-28 20:08:38,,Travel,20,4,5,4,3,0,0.0,False,
297,14,2890.0,RPD AUTO,2025-12-12 13:18:08,Mumbai,ANDROID_B2,2025-12-12 13:18:10,,Subscriptions,13,4,4,3,1,0,0.0,False,
298,11,48529.0,PRIME VID,2026-01-26 01:12:52,Pune,NEW_DEVICE_4,2026-01-26 01:12:54,,Subscriptions,1,0,4,4,7,1,1.0,True,"Late-night transaction, Rare device usage, Very high fraud probability"
299,18,2064.0,BOOKMY,2025-12-12 21:10:05,Hyderabad,IPHONE_Y,2025-12-12 21:10:07,,Entertainment,21,4,0,2,3,0,0.0,False,
300,1,39735.0,UBER *RIDE,2025-12-16 03:36:47,Pune,NEW_DEVICE_2,2025-12-16 03:36:49,,Travel,3,1,5,4,5,1,0.995,True,"Late-night transaction, Rare device usage, Very high fraud probability"
301,18,1147.0,MOV TIX,2025-12-18 19:34:13,Pune,ANDROID_A1,2025-12-18 19:34:15,,Entertainment,19,3,0,4,0,0,0.0,False,
302,4,182.0,UPI DR,2025-12-30 22:55:52,Delhi,IPHONE_X,2025-12-30 22:55:54,,Other,22,1,2,1,2,0,0.0,False,
303,15,3071.0,SWIG INST,2026-01-22 19:39:08,Mumbai,IPHONE_Y,2026-01-22 19:39:10,,Food,19,3,1,3,3,0,0.0,False,
304,27,2230.0,UBR TRIP,2026-01-02 16:45:18,Bangalore,ANDROID_B2,2026-01-02 16:45:20,,Travel,16,4,5,0,1,0,0.0,False,
305,19,2832.0,FKRT BUY,2025-12-22 11:58:03,Bangalore,ANDROID_B2,2025-12-22 11:58:05,,Shopping,11,0,3,0,1,0,0.0,False,
306,28,593.0,UPI DR,2026-01-02 15:53:15,Pune,ANDROID_B2,2026-01-02 15:53:17,,Other,15,4,2,4,1,0,0.0,False,
307,16,2621.0,UBR#TX,2025-12-17 21:04:40,Delhi,IPHONE_Y,2025-12-17 21:04:42,,Travel,21,2,5,1,3,0,0.0,False,
308,13,1561.0,INOX,2026-01-02 22:37:00,Delhi,IPHONE_Y,2026-01-02 22:37:02,,Subscriptions,22,4,4,1,3,0,0.0,False,
309,24,3309.0,NETFLX,2025-12-20 20:52:13,Pune,ANDROID_B2,2025-12-20 20:52:15,,Subscriptions,20,5,4,4,1,0,0.005,False,
310,9,2417.0,AMAZON PAY,2025-12-31 12:57:43,Delhi,IPHONE_Y,2025-12-31 12:57:45,,Shopping,12,2,3,1,3,0,0.0,False,
311,2,35353.0,SWIGGY #123,2026-02-12 04:27:12,Mumbai,NEW_DEVICE_4,2026-02-12 04:27:14,,Food,4,3,1,3,7,1,1.0,True,"Late-night transaction, Rare device usage, Very high fraud probability"
312,29,1172.0,BANK TX,2026-01-11 10:05:23,Mumbai,IPHONE_X,2026-01-11 10:05:25,,Other,10,6,2,3,2,0,0.0,False,
313,2,3143.0,NETFLX,2025-11-21 15:05:45,Delhi,IPHONE_Y,2025-11-21 15:05:47,,Subscriptions,15,4,4,1,3,0,0.0,False,
314,1,2481.0,RPD AUTO,2026-02-11 15:00:44,Bangalore,IPHONE_Y,2026-02-11 15:00:46,,Subscriptions,15,2,4,0,3,0,0.0,False,
315,27,2006.0,SWIGGY #123,2025-12-25 10:05:46,Delhi,ANDROID_B2,2025-12-25 10:05:48,,Food,10,3,1,1,1,0,0.0,False,
316,4,611.0,AMAZON PAY,2025-11-22 20:43:09,Delhi,ANDROID_B2,2025-11-22 20:43:11,,Shopping,20,5,3,1,1,0,0.0,False,
317,17,722.0,MOV TIX,2026-01-16 22:40:47,Mumbai,IPHONE_X,2026-01-16 22:40:49,,Entertainment,22,4,0,3,2,0,0.0,False,
318,30,939.0,PRIME VID,2026-01-26 10:48:07,Hyderabad,ANDROID_A1,2026-01-26 10:48:09,,Subscriptions,10,0,4,2,0,0,0.0,False,
319,24,1338.0,NETFLX,2026-01-08 12:41:05,Mumbai,ANDROID_B2,2026-01-08 12:41:07,,Subscriptions,12,3,4,3,1,0,0.0,False,
320,18,1217.0,MOVIE TKT,2026-01-17 08:33:38,Hyderabad,IPHONE_X,2026-01-17 08:33:40,,Entertainment,8,5,0,2,2,0,0.0,False,
321,7,273.0,MISC PAY,2025-12-25 15:07:15,Pune,IPHONE_Y,2025-12-25 15:07:17,,Other,15,3,2,4,3,0,0.0,False,
322,21,99.0,MOV TIX,2026-01-27 19:24:55,Hyderabad,IPHONE_X,2026-01-27 19:24:57,,Entertainment,19,1,0,2,2,0,0.0,False,
323,14,3174.0,FKRT BUY,2026-02-10 23:37:04,Delhi,ANDROID_A1,2026-02-10 23:37:06,,Shopping,23,1,3,1,0,0,0.0,False,
324,9,3282.0,UBR TRIP,2025-11-24 20:45:32,Pune,IPHONE_X,2025-11-24 20:45:34,,Travel,20,0,5,4,2,0,0.015,False,
325,14,2247.0,MISC PAY,2026-02-02 12:19:05,Hyderabad,IPHONE_X,2026-02-02 12:19:07,,Other,12,0,2,2,2,0,0.0,False,
326,30,1650.0,OLA CABS,2025-11-15 10:27:46,Mumbai,IPHONE_X,2025-11-15 10:27:48,,Travel,10,5,5,3,2,0,0.0,False,
327,2,525.0,UBR TRIP,2026-01-04 22:42:47,Mumbai,ANDROID_A1,2026-01-04 22:42:49,,Travel,22,6,5,3,0,0,0.0,False,
328,4,721.0,SWIG INST,2025-12-08 23:33:50,Bangalore,IPHONE_X,2025-12-08 23:33:52,,Food,23,0,1,0,2,0,0.0,False,
329,6,1150.0,FLPKRT,2026-01-01 11:51:27,Bangalore,ANDROID_A1,2026-01-01 11:51:29,,Shopping,11,3,3,0,0,0,0.0,False,
330,17,2411.0,ZOM FOOD,2025-12-16 10:32:23,Delhi,IPHONE_Y,2025-12-16 10:32:25,,Food,10,1,1,1,3,0,0.0,False,
331,16,1094.0,PVR CIN,2026-01-14 11:47:32,Delhi,ANDROID_A1,2026-01-14 11:47:34,,Entertainment,11,2,0,1,0,0,0.0,False,
332,2,48853.0,SWIG INST,2026-01-21 04:59:54,Delhi,NEW_DEVICE_2,2026-01-21 04:59:56,,Food,4,2,1,1,5,1,0.995,True,"Late-night transaction, Rare device usage, Very high fraud probability"
333,18,1066.0,MISC PAY,2026-01-09 21:52:04,Hyderabad,IPHONE_X,2026-01-09 21:52:06,,Other,21,4,2,2,2,0,0.0,False,
334,12,265.0,ZMT*DEL,2025-12-08 13:02:25,Delhi,ANDROID_B2,2025-12-08 13:02:27,,Food,13,0,1,1,1,0,0.0,False,
335,29,1322.0,NETFLX,2025-12-04 18:29:00,Bangalore,ANDROID_A1,2025-12-04 18:29:02,,Subscriptions,18,3,4,0,0,0,0.0,False,
336,7,3079.0,FKRT BUY,2025-12-27 15:37:31,Mumbai,IPHONE_Y,2025-12-27 15:37:33,,Shopping,15,5,3,3,3,0,0.0,False,
337,24,1729.0,PVR CIN,2025-12-05 08:22:40,Delhi,ANDROID_B2,2025-12-05 08:22:42,,Entertainment,8,4,0,1,1,0,0.0,False,
338,11,3028.0,SWIGGY #123,2026-01-17 17:33:15,Pune,ANDROID_A1,2026-01-17 17:33:17,,Food,17,5,1,4,0,0,0.0,False,
339,16,431.0,SWIG INST,2025-12-08 09:26:44,Bangalore,ANDROID_B2,2025-12-08 09:26:46,,Food,9,0,1,0,1,0,0.0,False,
340,15,2120.0,UNKNOWN TXN,2026-02-03 12:37:36,Delhi,IPHONE_Y,2026-02-03 12:37:38,,Subscriptions,12,1,4,1,3,0,0.0,False,
341,14,1119.0,UPI DR,2025-11-15 18:53:47,Bangalore,IPHONE_Y,2025-11-15 18:53:49,,Other,18,5,2,0,3,0,0.0,False,
342,11,880.0,NETFLX,2026-01-24 12:06:10,Pune,ANDROID_A1,2026-01-24 12:06:12,,Subscriptions,12,5,4,4,0,0,0.0,False,
343,15,1517.0,AMZN*ORD,2026-01-04 14:29:16,Delhi,IPHONE_Y,2026-01-04 14:29:18,,Shopping,14,6,3,1,3,0,0.0,False,
344,3,2904.0,UBER *RIDE,2026-01-02 09:09:05,Mumbai,ANDROID_B2,2026-01-02 09:09:07,,Travel,9,4,5,3,1,0,0.0,False,
345,12,44584.0,PRIME VID,2026-02-09 03:25:54,Pune,NEW_DEVICE_2,2026-02-09 03:25:56,,Subscriptions,3,0,4,4,5,1,1.0,True,"Late-night transaction, Rare device usage, Very high fraud probability"
346,18,467.0,UPI DR,2026-02-11 12:03:53,Mumbai,ANDROID_A1,2026-02-11 12:03:55,,Other,12,2,2,3,0,0,0.0,False,
347,5,2631.0,RPD AUTO,2026-02-03 10:01:04,Mumbai,IPHONE_X,2026-02-03 10:01:06,,Subscriptions,10,1,4,3,2,0,0.0,False,
348,29,426.0,MISC PAY,2026-02-07 18:29:03,Mumbai,ANDROID_A1,2026-02-07 18:29:05,,Other,18,5,2,3,0,0,0.0,False,
349,30,1667.0,BOOKMY,2025-12-26 23:43:27,Mumbai,ANDROID_A1,2025-12-26 23:43:29,,Entertainment,23,4,0,3,0,0,0.0,False,
350,12,1876.0,OLA CABS,2025-11-26 12:39:39,Mumbai,ANDROID_A1,2025-11-26 12:39:41,,Travel,12,2,5,3,0,0,0.0,False,
351,21,2305.0,AMZN*ORD,2026-02-01 23:17:24,Mumbai,ANDROID_A1,2026-02-01 23:17:26,,Shopping,23,6,3,3,0,0,0.0,False,
352,14,3335.0,UBR#TX,2025-12-29 08:30:34,Pune,IPHONE_Y,2025-12-29 08:30:36,,Travel,8,0,5,4,3,1,0.645,False,
353,12,1157.0,MOVIE TKT,2026-01-03 13:38:14,Delhi,ANDROID_A1,2026-01-03 13:38:16,,Entertainment,13,5,0,1,0,0,0.0,False,
354,29,1982.0,AMZN MKTP,2026-01-23 19:06:15,Mumbai,ANDROID_B2,2026-01-23 19:06:17,,Shopping,19,4,3,3,1,0,0.0,False,
355,9,948.0,MOV TIX,2026-01-21 20:11:15,Hyderabad,IPHONE_X,2026-01-21 20:11:17,,Entertainment,20,2,0,2,2,0,0.0,False,
356,11,165.0,BANK TX,2025-12-02 19:12:53,Pune,ANDROID_B2,2025-12-02 19:12:55,,Other,19,1,2,4,1,0,0.0,False,
357,18,419.0,FLPKRT,2025-11-27 09:14:01,Hyderabad,ANDROID_B2,2025-11-27 09:14:03,,Shopping,9,3,3,2,1,0,0.0,False,
358,16,875.0,ZOM FOOD,2026-01-21 12:58:51,Bangalore,IPHONE_X,2026-01-21 12:58:53,,Food,12,2,1,0,2,0,0.0,False,
359,2,630.0,SWIG INST,2026-02-03 11:23:45,Pune,IPHONE_X,2026-02-03 11:23:47,,Food,11,1,1,4,2,0,0.0,False,
360,19,608.0,ZOM FOOD,2025-11-23 13:31:41,Bangalore,IPHONE_Y,2025-11-23 13:31:43,,Food,13,6,1,0,3,0,0.0,False,
361,6,2462.0,BANK TX,2026-01-04 13:46:44,Bangalore,IPHONE_Y,2026-01-04 13:46:46,,Other,13,6,2,0,3,0,0.0,False,
362,5,2396.0,UBR TRIP,2026-01-20 20:38:20,Hyderabad,ANDROID_A1,2026-01-20 20:38:22,,Travel,20,1,5,2,0,0,0.0,False,
363,8,626.0,UNKNOWN TXN,2026-01-13 18:22:20,Mumbai,ANDROID_A1,2026-01-13 18:22:22,,Subscriptions,18,1,4,3,0,0,0.0,False,
364,21,1136.0,ZOM FOOD,2025-11-16 14:04:22,Bangalore,ANDROID_B2,2025-11-16 14:04:24,,Food,14,6,1,0,1,0,0.0,False,
365,26,53719.0,ZMT ORD,2025-12-22 04:31:56,Pune,NEW_DEVICE_2,2025-12-22 04:31:58,,Food,4,0,1,4,5,1,1.0,True,"High transaction amount, Late-night transaction, Rare device usage, Very high fraud probability"
366,12,2013.0,BOOKMY,2025-12-17 15:04:51,Delhi,ANDROID_B2,2025-12-17 15:04:53,,Entertainment,15,2,0,1,1,0,0.0,False,
367,10,478.0,ZOM FOOD,2026-01-22 10:56:24,Mumbai,IPHONE_X,2026-01-22 10:56:26,,Food,10,3,1,3,2,0,0.0,False,
368,24,431.0,ZMT*DEL,2026-02-09 18:27:41,Mumbai,IPHONE_Y,2026-02-09 18:27:43,,Food,18,0,1,3,3,0,0.0,False,
369,20,46698.0,SPTFY,2025-12-22 02:44:35,Hyderabad,NEW_DEVICE_2,2025-12-22 02:44:37,,Subscriptions,2,0,4,2,5,1,1.0,True,"Late-night transaction, Rare device usage, Very high fraud probability"
370,9,442.0,BANK TX,2025-12-01 09:35:53,Pune,IPHONE_Y,2025-12-01 09:35:55,,Other,9,0,2,4,3,0,0.0,False,
371,5,30742.0,ZOM FOOD,2025-12-13 03:12:06,Delhi,NEW_DEVICE_5,2025-12-13 03:12:08,,Food,3,5,1,1,8,1,0.99,True,"Late-night transaction, Rare device usage, Very high fraud probability"
372,7,1989.0,UBER *RIDE,2025-12-24 11:30:31,Bangalore,IPHONE_X,2025-12-24 11:30:33,,Travel,11,2,5,0,2,0,0.0,False,
373,3,1612.0,MISC PAY,2025-12-17 19:02:16,Pune,ANDROID_B2,2025-12-17 19:02:18,,Other,19,2,2,4,1,0,0.0,False,
374,15,2361.0,FLPKRT,2025-11-15 09:42:06,Delhi,ANDROID_B2,2025-11-15 09:42:08,,Shopping,9,5,3,1,1,0,0.0,False,
375,22,3148.0,FKRT BUY,2025-12-25 15:52:33,Pune,ANDROID_A1,2025-12-25 15:52:35,,Shopping,15,3,3,4,0,0,0.0,False,
376,18,1015.0,MISC PAY,2026-02-02 23:25:57,Delhi,IPHONE_X,2026-02-02 23:25:59,,Other,23,0,2,1,2,0,0.0,False,
377,17,2825.0,MOVIE TKT,2025-12-17 12:11:10,Mumbai,ANDROID_A1,2025-12-17 12:11:12,,Entertainment,12,2,0,3,0,0,0.0,False,
378,26,30135.0,OLA CABS,2025-11-24 04:09:53,Hyderabad,NEW_DEVICE_2,2025-11-24 04:09:55,,Travel,4,0,5,2,5,1,1.0,True,"Late-night transaction, Rare device usage, Very high fraud probability"
379,9,2328.0,AMZN MKTP,2026-01-08 20:33:29,Delhi,IPHONE_X,2026-01-08 20:33:31,,Shopping,20,3,3,1,2,0,0.0,False,
380,26,662.0,MISC PAY,2026-01-30 12:36:49,Delhi,ANDROID_A1,2026-01-30 12:36:51,,Other,12,4,2,1,0,0,0.0,False,
381,26,1733.0,FKRT BUY,2025-11-21 16:31:36,Hyderabad,IPHONE_Y,2025-11-21 16:31:38,,Shopping,16,4,3,2,3,0,0.0,False,
382,16,639.0,SWIG INST,2025-12-24 20:56:56,Bangalore,ANDROID_A1,2025-12-24 20:56:58,,Food,20,2,1,0,0,0,0.0,False,
383,23,1150.0,UBR TRIP,2025-12-31 19:52:50,Bangalore,ANDROID_A1,2025-12-31 19:52:52,,Travel,19,2,5,0,0,0,0.0,False,
384,10,2855.0,AMZN*ORD,2026-01-26 11:19:47,Pune,ANDROID_B2,2026-01-26 11:19:49,,Shopping,11,0,3,4,1,0,0.0,False,
385,25,2527.0,AMAZON PAY,2025-12-18 10:13:58,Pune,ANDROID_B2,2025-12-18 10:14:00,,Shopping,10,3,3,4,1,0,0.0,False,
386,24,3412.0,PRIME VID,2026-02-04 09:19:45,Hyderabad,ANDROID_B2,2026-02-04 09:19:47,,Subscriptions,9,2,4,2,1,0,0.015,False,
387,13,168.0,UBR#TX,2026-01-18 13:53:03,Mumbai,ANDROID_B2,2026-01-18 13:53:05,,Travel,13,6,5,3,1,0,0.0,False,
388,2,2936.0,NFLS,2025-12-27 14:52:29,Hyderabad,IPHONE_X,2025-12-27 14:52:31,,Subscriptions,14,5,4,2,2,0,0.0,False,
389,13,1040.0,UNKNOWN TXN,2025-11-28 19:28:11,Pune,IPHONE_Y,2025-11-28 19:28:13,,Subscriptions,19,4,4,4,3,0,0.0,False,
390,19,3481.0,INOX,2026-01-07 16:01:24,Delhi,ANDROID_A1,2026-01-07 16:01:26,,Subscriptions,16,2,4,1,0,0,0.0,False,
391,6,2701.0,PVR CIN,2026-01-09 15:41:26,Hyderabad,ANDROID_B2,2026-01-09 15:41:28,,Entertainment,15,4,0,2,1,0,0.0,False,
392,1,591.0,UNKNOWN TXN,2026-01-15 13:16:38,Bangalore,ANDROID_A1,2026-01-15 13:16:40,,Subscriptions,13,3,4,0,0,0,0.0,False,
393,23,1592.0,BANK TX,2026-01-11 19:13:29,Bangalore,IPHONE_Y,2026-01-11 19:13:31,,Other,19,6,2,0,3,0,0.0,False,
394,22,469.0,MOVIE TKT,2025-12-03 08:41:38,Hyderabad,IPHONE_X,2025-12-03 08:41:40,,Entertainment,8,2,0,2,2,0,0.0,False,
395,10,1427.0,AMZN MKTP,2026-01-08 16:16:41,Bangalore,IPHONE_X,2026-01-08 16:16:43,,Shopping,16,3,3,0,2,0,0.0,False,
396,7,282.0,UBR#TX,2025-11-17 20:08:46,Delhi,IPHONE_X,2025-11-17 20:08:48,,Travel,20,0,5,1,2,0,0.0,False,
397,21,1764.0,NETFLX,2026-02-08 20:37:45,Hyderabad,IPHONE_Y,2026-02-08 20:37:47,,Subscriptions,20,6,4,2,3,0,0.0,False,
398,27,960.0,UBER *RIDE,2025-12-10 23:19:54,Mumbai,IPHONE_X,2025-12-10 23:19:56,,Travel,23,2,5,3,2,0,0.0,False,
399,27,1978.0,UPI DR,2025-12-03 12:48:58,Mumbai,IPHONE_X,2025-12-03 12:49:00,,Other,12,2,2,3,2,0,0.0,False,
400,22,964.0,AMZN MKTP,2026-01-01 17:23:16,Hyderabad,IPHONE_Y,2026-01-01 17:23:18,,Shopping,17,3,3,2,3,0,0.0,False,
401,10,2648.0,NFLS,2026-01-19 10:32:07,Pune,IPHONE_Y,2026-01-19 10:32:09,,Subscriptions,10,0,4,4,3,0,0.0,False,
402,17,34881.0,AMZN*ORD,2025-12-31 02:26:36,Pune,NEW_DEVICE_2,2025-12-31 02:26:38,,Shopping,2,2,3,4,5,1,1.0,True,"Late-night transaction, Rare device usage, Very high fraud probability"
403,5,2047.0,FLPKRT,2026-01-03 18:40:03,Delhi,ANDROID_B2,2026-01-03 18:40:05,,Shopping,18,5,3,1,1,0,0.0,False,
404,15,740.0,FLPKRT,2026-02-01 13:08:39,Pune,IPHONE_Y,2026-02-01 13:08:41,,Shopping,13,6,3,4,3,0,0.0,False,
405,21,2005.0,SPOT SUB,2026-02-08 20:34:12,Bangalore,ANDROID_A1,2026-02-08 20:34:14,,Subscriptions,20,6,4,0,0,0,0.0,False,
406,1,2821.0,FKRT BUY,2026-01-15 08:44:56,Bangalore,ANDROID_B2,2026-01-15 08:44:58,,Shopping,8,3,3,0,1,0,0.0,False,
407,10,2461.0,UBR TRIP,2026-02-04 17:52:02,Bangalore,ANDROID_B2,2026-02-04 17:52:04,,Travel,17,2,5,0,1,0,0.0,False,
408,10,1433.0,PRIME VID,2025-12-31 21:57:31,Bangalore,ANDROID_B2,2025-12-31 21:57:33,,Subscriptions,21,2,4,0,1,0,0.0,False,
409,25,3375.0,OLA CABS,2026-01-14 20:14:46,Mumbai,ANDROID_A1,2026-01-14 20:14:48,,Travel,20,2,5,3,0,0,0.025,False,
410,7,742.0,UNKNOWN TXN,2025-11-21 11:50:02,Pune,IPHONE_X,2025-11-21 11:50:04,,Subscriptions,11,4,4,4,2,0,0.0,False,
411,29,2602.0,BANK TX,2025-11-20 09:06:41,Delhi,ANDROID_A1,2025-11-20 09:06:43,,Other,9,3,2,1,0,0,0.0,False,
412,2,1607.0,UNKNOWN TXN,2025-12-14 11:44:09,Mumbai,IPHONE_X,2025-12-14 11:44:11,,Subscriptions,11,6,4,3,2,0,0.0,False,
413,23,2760.0,UNKNOWN TXN,2025-11-25 11:38:44,Mumbai,IPHONE_X,2025-11-25 11:38:46,,Subscriptions,11,1,4,3,2,0,0.0,False,
414,14,532.0,ZMT*DEL,2026-01-30 17:31:12,Hyderabad,ANDROID_A1,2026-01-30 17:31:14,,Food,17,4,1,2,0,0,0.0,False,
415,7,1516.0,FKRT BUY,2026-01-23 21:02:35,Pune,IPHONE_X,2026-01-23 21:02:37,,Shopping,21,4,3,4,2,0,0.0,False,
416,30,61.0,RPD AUTO,2026-01-29 08:53:36,Pune,ANDROID_A1,2026-01-29 08:53:38,,Subscriptions,8,3,4,4,0,0,0.0,False,
417,5,3013.0,ZMT*DEL,2025-11-22 11:14:29,Bangalore,IPHONE_X,2025-11-22 11:14:31,,Food,11,5,1,0,2,0,0.0,False,
418,9,765.0,NFLS,2025-12-28 09:51:43,Bangalore,IPHONE_X,2025-12-28 09:51:45,,Subscriptions,9,6,4,0,2,0,0.0,False,
419,14,3155.0,UNKNOWN TXN,2026-01-26 09:42:41,Mumbai,ANDROID_A1,2026-01-26 09:42:43,,Subscriptions,9,0,4,3,0,0,0.0,False,
420,11,1148.0,AMZN*ORD,2025-12-31 10:11:07,Pune,IPHONE_X,2025-12-31 10:11:09,,Shopping,10,2,3,4,2,0,0.0,False,
421,13,2875.0,NETFLX,2025-11-21 23:56:51,Mumbai,IPHONE_Y,2025-11-21 23:56:53,,Subscriptions,23,4,4,3,3,0,0.0,False,
422,4,702.0,UBR TRIP,2025-11-29 11:30:51,Hyderabad,IPHONE_Y,2025-11-29 11:30:53,,Travel,11,5,5,2,3,0,0.0,False,
423,22,3241.0,SPTFY,2025-11-17 19:56:53,Mumbai,ANDROID_A1,2025-11-17 19:56:55,,Subscriptions,19,0,4,3,0,0,0.0,False,
424,16,1855.0,NFLS,2026-01-10 09:41:20,Delhi,ANDROID_A1,2026-01-10 09:41:22,,Subscriptions,9,5,4,1,0,0,0.0,False,
425,23,2793.0,UPI DR,2025-12-19 18:42:46,Mumbai,ANDROID_A1,2025-12-19 18:42:48,,Other,18,4,2,3,0,0,0.0,False,
426,16,3435.0,AMZN*ORD,2025-11-22 09:59:10,Hyderabad,ANDROID_A1,2025-11-22 09:59:12,,Shopping,9,5,3,2,0,0,0.015,False,
427,28,356.0,SPOT SUB,2026-01-13 23:21:17,Delhi,IPHONE_X,2026-01-13 23:21:19,,Subscriptions,23,1,4,1,2,0,0.0,False,
428,17,1701.0,UBR#TX,2025-12-16 15:28:51,Hyderabad,ANDROID_A1,2025-12-16 15:28:53,,Travel,15,1,5,2,0,0,0.0,False,
429,15,536.0,SWIGGY #123,2026-01-30 23:25:26,Delhi,ANDROID_A1,2026-01-30 23:25:28,,Food,23,4,1,1,0,0,0.0,False,
430,18,3293.0,MOV TIX,2025-11-21 17:42:29,Bangalore,ANDROID_B2,2025-11-21 17:42:31,,Entertainment,17,4,0,0,1,0,0.0,False,
431,12,1409.0,SWIG INST,2025-12-17 23:07:06,Mumbai,IPHONE_X,2025-12-17 23:07:08,,Food,23,2,1,3,2,0,0.0,False,
432,1,3326.0,AMAZON PAY,2025-11-15 17:06:02,Mumbai,IPHONE_X,2025-11-15 17:06:04,,Shopping,17,5,3,3,2,0,0.01,False,
433,16,2552.0,RPD AUTO,2026-01-28 14:59:54,Pune,ANDROID_B2,2026-01-28 14:59:56,,Subscriptions,14,2,4,4,1,0,0.0,False,
434,7,491.0,SPTFY,2025-11-23 21:53:43,Hyderabad,ANDROID_A1,2025-11-23 21:53:45,,Subscriptions,21,6,4,2,0,0,0.0,False,
435,4,2115.0,SPOT SUB,2026-02-12 12:33:47,Delhi,IPHONE_Y,2026-02-12 12:33:49,,Subscriptions,12,3,4,1,3,0,0.0,False,
436,18,2132.0,PRIME VID,2026-01-27 13:06:24,Hyderabad,ANDROID_B2,2026-01-27 13:06:26,,Subscriptions,13,1,4,2,1,0,0.0,False,
437,20,1764.0,FKRT BUY,2025-12-24 15:21:18,Pune,IPHONE_X,2025-12-24 15:21:20,,Shopping,15,2,3,4,2,0,0.0,False,
438,26,2917.0,OLA CABS,2025-12-04 17:40:13,Mumbai,IPHONE_X,2025-12-04 17:40:15,,Travel,17,3,5,3,2,0,0.0,False,
439,7,2804.0,INOX,2025-12-10 12:34:44,Bangalore,ANDROID_B2,2025-12-10 12:34:46,,Subscriptions,12,2,4,0,1,0,0.0,False,
440,23,2437.0,ZOM FOOD,2025-12-20 21:51:00,Hyderabad,IPHONE_X,2025-12-20 21:51:02,,Food,21,5,1,2,2,0,0.0,False,
441,4,2795.0,SWIGGY #123,2026-01-09 09:48:50,Mumbai,ANDROID_B2,2026-01-09 09:48:52,,Food,9,4,1,3,1,0,0.0,False,
442,10,304.0,BANK TX,2025-12-05 17:02:22,Pune,ANDROID_B2,2025-12-05 17:02:24,,Other,17,4,2,4,1,0,0.0,False,
443,4,3090.0,MOVIE TKT,2025-12-09 20:50:50,Bangalore,ANDROID_B2,2025-12-09 20:50:52,,Entertainment,20,1,0,0,1,0,0.0,False,
444,23,1637.0,UNKNOWN TXN,2025-12-04 21:03:00,Bangalore,IPHONE_X,2025-12-04 21:03:02,,Subscriptions,21,3,4,0,2,0,0.0,False,
445,7,2645.0,BOOKMY,2026-01-19 19:18:28,Mumbai,ANDROID_B2,2026-01-19 19:18:30,,Entertainment,19,0,0,3,1,0,0.0,False,
446,22,3060.0,SWIG INST,2026-02-07 11:27:17,Hyderabad,IPHONE_Y,2026-02-07 11:27:19,,Food,11,5,1,2,3,0,0.0,False,
447,9,1094.0,OLA CABS,2025-12-15 08:45:59,Mumbai,IPHONE_X,2025-12-15 08:46:01,,Travel,8,0,5,3,2,0,0.01,False,
448,2,3218.0,UBER *RIDE,2025-12-01 17:35:22,Delhi,IPHONE_Y,2025-12-01 17:35:24,,Travel,17,0,5,1,3,0,0.01,False,
449,26,803.0,BANK TX,2025-12-21 10:34:34,Pune,ANDROID_B2,2025-12-21 10:34:36,,Other,10,6,2,4,1,0,0.0,False,
450,3,2767.0,FLPKRT,2025-12-28 18:18:13,Hyderabad,IPHONE_X,2025-12-28 18:18:15,,Shopping,18,6,3,2,2,0,0.0,False,
451,17,2709.0,PRIME VID,2025-11-19 08:22:28,Mumbai,ANDROID_A1,2025-11-19 08:22:30,,Subscriptions,8,2,4,3,0,0,0.0,False,
452,29,2845.0,UPI DR,2026-01-29 18:24:16,Hyderabad,IPHONE_Y,2026-01-29 18:24:18,,Other,18,3,2,2,3,0,0.0,False,
453,24,3417.0,AMZN MKTP,2025-12-12 19:02:18,Mumbai,IPHONE_Y,2025-12-12 19:02:20,,Shopping,19,4,3,3,3,0,0.015,False,
454,11,735.0,MOV TIX,2026-01-17 08:42:40,Mumbai,ANDROID_A1,2026-01-17 08:42:42,,Entertainment,8,5,0,3,0,0,0.0,False,
455,28,892.0,MISC PAY,2025-11-17 21:09:01,Pune,ANDROID_A1,2025-11-17 21:09:03,,Other,21,0,2,4,0,0,0.0,False,
456,23,272.0,AMZN MKTP,2025-12-03 13:04:36,Mumbai,IPHONE_X,2025-12-03 13:04:38,,Shopping,13,2,3,3,2,0,0.0,False,
457,30,2631.0,AMZN*ORD,2026-01-03 20:01:24,Delhi,IPHONE_Y,2026-01-03 20:01:26,,Shopping,20,5,3,1,3,0,0.0,False,
458,18,63378.0,ZMT*DEL,2025-12-29 01:59:32,Delhi,NEW_DEVICE_1,2025-12-29 01:59:34,,Food,1,0,1,1,4,1,0.975,True,"High transaction amount, Late-night transaction, Rare device usage, Very high fraud probability"
459,10,1203.0,BANK TX,2025-12-24 22:52:42,Delhi,IPHONE_Y,2025-12-24 22:52:44,,Other,22,2,2,1,3,0,0.0,False,
460,16,3108.0,UBR#TX,2025-11-23 20:09:19,Bangalore,IPHONE_X,2025-11-23 20:09:21,,Travel,20,6,5,0,2,0,0.0,False,
461,1,221.0,MOVIE TKT,2025-12-06 08:35:05,Bangalore,IPHONE_Y,2025-12-06 08:35:07,,Entertainment,8,5,0,0,3,0,0.0,False,
462,7,2695.0,BANK TX,2026-01-20 12:14:39,Bangalore,ANDROID_B2,2026-01-20 12:14:41,,Other,12,1,2,0,1,0,0.0,False,
463,7,2373.0,SWIG INST,2025-11-22 09:35:04,Bangalore,IPHONE_Y,2025-11-22 09:35:06,,Food,9,5,1,0,3,0,0.0,False,
464,22,3022.0,ZOM FOOD,2025-12-29 23:08:42,Mumbai,IPHONE_X,2025-12-29 23:08:44,,Food,23,0,1,3,2,0,0.0,False,
465,4,37681.0,FKRT BUY,2025-12-17 03:21:39,Bangalore,NEW_DEVICE_4,2025-12-17 03:21:41,,Shopping,3,2,3,0,7,1,0.975,True,"Late-night transaction, Rare device usage, Very high fraud probability"
466,23,1542.0,PVR CIN,2026-01-22 18:00:20,Mumbai,IPHONE_Y,2026-01-22 18:00:22,,Entertainment,18,3,0,3,3,0,0.0,False,
467,26,1522.0,RPD AUTO,2025-12-13 12:29:28,Bangalore,IPHONE_X,2025-12-13 12:29:30,,Subscriptions,12,5,4,0,2,0,0.0,False,
468,25,769.0,AMZN*ORD,2026-01-26 10:57:34,Mumbai,IPHONE_X,2026-01-26 10:57:36,,Shopping,10,0,3,3,2,0,0.0,False,
469,9,126.0,UNKNOWN TXN,2025-11-29 08:13:58,Delhi,IPHONE_Y,2025-11-29 08:14:00,,Subscriptions,8,5,4,1,3,0,0.0,False,
470,18,2260.0,FKRT BUY,2025-12-28 23:25:14,Hyderabad,ANDROID_B2,2025-12-28 23:25:16,,Shopping,23,6,3,2,1,0,0.0,False,
471,24,2140.0,FLPKRT,2025-12-28 10:32:00,Mumbai,IPHONE_Y,2025-12-28 10:32:02,,Shopping,10,6,3,3,3,0,0.0,False,
472,28,624.0,PVR CIN,2026-01-21 22:36:36,Mumbai,ANDROID_B2,2026-01-21 22:36:38,,Entertainment,22,2,0,3,1,0,0.0,False,
473,24,215.0,MISC PAY,2026-01-14 15:04:16,Bangalore,IPHONE_Y,2026-01-14 15:04:18,,Other,15,2,2,0,3,0,0.0,False,
474,8,3291.0,SWIG INST,2025-12-14 19:58:29,Delhi,IPHONE_Y,2025-12-14 19:58:31,,Food,19,6,1,1,3,0,0.0,False,
475,2,2185.0,BANK TX,2025-11-30 16:34:36,Mumbai,IPHONE_X,2025-11-30 16:34:38,,Other,16,6,2,3,2,0,0.0,False,
476,13,2726.0,MISC PAY,2025-12-26 10:58:14,Hyderabad,IPHONE_X,2025-12-26 10:58:16,,Other,10,4,2,2,2,0,0.0,False,
477,13,2024.0,AMAZON PAY,2025-12-18 08:10:14,Delhi,ANDROID_B2,2025-12-18 08:10:16,,Shopping,8,3,3,1,1,0,0.0,False,
478,17,815.0,BANK TX,2025-11-27 13:45:52,Delhi,IPHONE_X,2025-11-27 13:45:54,,Other,13,3,2,1,2,0,0.0,False,
479,22,3000.0,RPD AUTO,2025-11-18 11:30:30,Mumbai,IPHONE_Y,2025-11-18 11:30:32,,Subscriptions,11,1,4,3,3,0,0.0,False,
480,19,27827.0,RPD AUTO,2025-11-29 02:10:08,Hyderabad,NEW_DEVICE_5,2025-11-29 02:10:10,,Subscriptions,2,5,4,2,8,1,0.995,True,"Late-night transaction, Rare device usage, Very high fraud probability"
481,2,41925.0,PVR CIN,2025-12-23 02:38:36,Delhi,NEW_DEVICE_5,2025-12-23 02:38:38,,Entertainment,2,1,0,1,8,1,0.995,True,"Late-night transaction, Rare device usage, Very high fraud probability"
482,29,937.0,BANK TX,2025-12-13 22:10:14,Pune,IPHONE_Y,2025-12-13 22:10:16,,Other,22,5,2,4,3,0,0.0,False,
483,20,794.0,UBR#TX,2025-11-17 16:21:59,Pune,ANDROID_B2,2025-11-17 16:22:01,,Travel,16,0,5,4,1,0,0.0,False,
484,20,1628.0,MOV TIX,2026-02-10 12:12:33,Hyderabad,ANDROID_A1,2026-02-10 12:12:35,,Entertainment,12,1,0,2,0,0,0.0,False,
485,22,776.0,SPTFY,2025-12-06 23:32:48,Delhi,ANDROID_A1,2025-12-06 23:32:50,,Subscriptions,23,5,4,1,0,0,0.0,False,
486,3,2258.0,SPTFY,2025-12-08 08:26:23,Delhi,IPHONE_Y,2025-12-08 08:26:25,,Subscriptions,8,0,4,1,3,0,0.005,False,
487,23,3336.0,BOOKMY,2025-12-30 23:37:51,Hyderabad,IPHONE_Y,2025-12-30 23:37:53,,Entertainment,23,1,0,2,3,0,0.025,False,
488,4,3186.0,SPTFY,2026-01-07 15:38:56,Hyderabad,ANDROID_A1,2026-01-07 15:38:58,,Subscriptions,15,2,4,2,0,0,0.0,False,
489,14,25466.0,FLPKRT,2026-02-12 01:24:41,Mumbai,NEW_DEVICE_5,2026-02-12 01:24:43,,Shopping,1,3,3,3,8,1,1.0,True,"Late-night transaction, Rare device usage, Very high fraud probability"
490,23,683.0,AMZN*ORD,2026-01-10 21:54:34,Pune,IPHONE_X,2026-01-10 21:54:36,,Shopping,21,5,3,4,2,0,0.0,False,
491,19,2837.0,FKRT BUY,2025-12-22 20:35:50,Hyderabad,ANDROID_B2,2025-12-22 20:35:52,,Shopping,20,0,3,2,1,0,0.0,False,
492,16,2031.0,UBER *RIDE,2025-12-01 16:22:49,Pune,IPHONE_X,2025-12-01 16:22:51,,Travel,16,0,5,4,2,0,0.0,False,
493,24,1879.0,UBR TRIP,2026-01-16 13:32:25,Bangalore,ANDROID_A1,2026-01-16 13:32:27,,Travel,13,4,5,0,0,0,0.0,False,
494,26,2945.0,MOVIE TKT,2025-12-25 09:40:00,Delhi,ANDROID_B2,2025-12-25 09:40:02,,Entertainment,9,3,0,1,1,0,0.0,False,
495,27,1833.0,RPD AUTO,2026-01-10 10:14:23,Delhi,ANDROID_A1,2026-01-10 10:14:25,,Subscriptions,10,5,4,1,0,0,0.0,False,
496,20,1691.0,SWIGGY #123,2026-01-21 17:40:31,Pune,ANDROID_A1,2026-01-21 17:40:33,,Food,17,2,1,4,0,0,0.0,False,
497,1,187.0,UBR#TX,2025-11-18 15:02:23,Mumbai,ANDROID_B2,2025-11-18 15:02:25,,Travel,15,1,5,3,1,0,0.0,False,
498,21,1180.0,SWIG INST,2025-11-19 20:25:25,Hyderabad,IPHONE_X,2025-11-19 20:25:27,,Food,20,2,1,2,2,0,0.0,False,
499,7,331.0,MOV TIX,2025-12-03 10:58:37,Bangalore,IPHONE_X,2025-12-03 10:58:39,,Entertainment,10,2,0,0,2,0,0.0,False,
500,12,846.0,FLPKRT,2025-12-01 22:00:16,Mumbai,IPHONE_Y,2025-12-01 22:00:18,,Shopping,22,0,3,3,3,0,0.0,False,
501,14,2110.0,MOV TIX,2026-01-29 17:51:32,Bangalore,IPHONE_X,2026-01-29 17:51:34,,Entertainment,17,3,0,0,2,0,0.0,False,
502,29,1863.0,MOVIE TKT,2026-01-12 20:48:21,Pune,IPHONE_Y,2026-01-12 20:48:23,,Entertainment,20,0,0,4,3,0,0.0,False,
503,22,2024.0,PRIME VID,2026-02-04 11:24:40,Mumbai,IPHONE_X,2026-02-04 11:24:42,,Subscriptions,11,2,4,3,2,0,0.0,False,
504,22,1739.0,UPI DR,2025-11-15 19:53:16,Mumbai,ANDROID_A1,2025-11-15 19:53:18,,Other,19,5,2,3,0,0,0.0,False,
505,10,3413.0,SWIGGY #123,2025-12-04 18:59:11,Pune,ANDROID_A1,2025-12-04 18:59:13,,Food,18,3,1,4,0,0,0.035,False,
506,11,1152.0,FLPKRT,2025-12-11 13:47:12,Mumbai,ANDROID_B2,2025-12-11 13:47:14,,Shopping,13,3,3,3,1,0,0.0,False,
507,24,880.0,UBER *RIDE,2026-01-24 15:49:06,Delhi,IPHONE_X,2026-01-24 15:49:08,,Travel,15,5,5,1,2,0,0.0,False,
508,30,3180.0,SWIGGY #123,2025-12-27 09:39:20,Pune,IPHONE_Y,2025-12-27 09:39:22,,Food,9,5,1,4,3,0,0.0,False,
509,29,3180.0,INOX,2026-01-15 16:48:36,Mumbai,IPHONE_Y,2026-01-15 16:48:38,,Subscriptions,16,3,4,3,3,0,0.0,False,
510,2,2264.0,BOOKMY,2025-12-24 09:55:43,Mumbai,IPHONE_X,2025-12-24 09:55:45,,Entertainment,9,2,0,3,2,0,0.0,False,
511,15,2873.0,ZMT*DEL,2025-11-18 08:13:24,Hyderabad,ANDROID_A1,2025-11-18 08:13:26,,Food,8,1,1,2,0,0,0.0,False,
512,4,1113.0,AMAZON PAY,2026-01-13 13:17:30,Hyderabad,IPHONE_X,2026-01-13 13:17:32,,Shopping,13,1,3,2,2,0,0.0,False,
513,11,912.0,FLPKRT,2025-12-28 21:54:25,Bangalore,IPHONE_X,2025-12-28 21:54:27,,Shopping,21,6,3,0,2,0,0.0,False,
514,15,2408.0,UBR#TX,2026-01-09 15:51:15,Hyderabad,ANDROID_A1,2026-01-09 15:51:17,,Travel,15,4,5,2,0,0,0.0,False,
515,14,3075.0,SPTFY,2026-02-11 12:11:26,Pune,IPHONE_Y,2026-02-11 12:11:28,,Subscriptions,12,2,4,4,3,0,0.0,False,
516,5,1278.0,BANK TX,2025-12-24 16:06:44,Mumbai,ANDROID_A1,2025-12-24 16:06:46,,Other,16,2,2,3,0,0,0.0,False,
517,2,2629.0,UBER *RIDE,2026-01-01 11:16:23,Bangalore,IPHONE_Y,2026-01-01 11:16:25,,Travel,11,3,5,0,3,0,0.0,False,
518,18,1736.0,INOX,2025-11-18 11:38:12,Hyderabad,IPHONE_X,2025-11-18 11:38:14,,Subscriptions,11,1,4,2,2,0,0.0,False,
519,19,1215.0,UPI DR,2025-11-18 19:32:31,Pune,IPHONE_X,2025-11-18 19:32:33,,Other,19,1,2,4,2,0,0.0,False,
520,29,1949.0,SWIGGY #123,2025-11-23 12:51:59,Bangalore,ANDROID_B2,2025-11-23 12:52:01,,Food,12,6,1,0,1,0,0.0,False,
521,14,342.0,MISC PAY,2025-12-31 10:14:20,Bangalore,ANDROID_B2,2025-12-31 10:14:22,,Other,10,2,2,0,1,0,0.0,False,
522,21,1669.0,AMAZON PAY,2025-12-28 16:47:37,Hyderabad,IPHONE_Y,2025-12-28 16:47:39,,Shopping,16,6,3,2,3,0,0.0,False,
523,15,144.0,SPTFY,2025-11-20 12:16:47,Delhi,ANDROID_B2,2025-11-20 12:16:49,,Subscriptions,12,3,4,1,1,0,0.0,False,
524,7,311.0,RPD AUTO,2026-02-09 23:49:25,Hyderabad,ANDROID_A1,2026-02-09 23:49:27,,Subscriptions,23,0,4,2,0,0,0.0,False,
525,25,686.0,ZMT ORD,2026-01-04 10:14:15,Bangalore,IPHONE_Y,2026-01-04 10:14:17,,Food,10,6,1,0,3,0,0.0,False,
526,15,3484.0,UPI DR,2026-02-08 13:42:22,Bangalore,ANDROID_A1,2026-02-08 13:42:24,,Other,13,6,2,0,0,0,0.005,False,
527,28,2264.0,SPOT SUB,2026-01-26 16:44:34,Mumbai,IPHONE_Y,2026-01-26 16:44:36,,Subscriptions,16,0,4,3,3,0,0.0,False,
528,19,2654.0,BOOKMY,2025-12-30 21:30:34,Mumbai,IPHONE_X,2025-12-30 21:30:36,,Entertainment,21,1,0,3,2,0,0.0,False,
529,26,1738.0,SWIGGY #123,2026-01-05 16:00:00,Hyderabad,ANDROID_B2,2026-01-05 16:00:02,,Food,16,0,1,2,1,0,0.0,False,
530,27,2241.0,UBER *RIDE,2025-12-13 08:19:00,Pune,IPHONE_Y,2025-12-13 08:19:02,,Travel,8,5,5,4,3,0,0.025,False,
531,26,79.0,FKRT BUY,2025-12-22 19:56:35,Pune,ANDROID_B2,2025-12-22 19:56:37,,Shopping,19,0,3,4,1,0,0.0,False,
532,13,2695.0,OLA CABS,2026-01-15 20:16:05,Pune,IPHONE_Y,2026-01-15 20:16:07,,Travel,20,3,5,4,3,0,0.0,False,
533,21,2561.0,UBR#TX,2025-11-21 16:47:34,Bangalore,IPHONE_X,2025-11-21 16:47:36,,Travel,16,4,5,0,2,0,0.0,False,
534,14,1236.0,UBR TRIP,2025-11-25 11:28:17,Hyderabad,IPHONE_Y,2025-11-25 11:28:19,,Travel,11,1,5,2,3,0,0.0,False,
535,16,28252.0,UBER *RIDE,2026-01-30 01:18:17,Mumbai,NEW_DEVICE_2,2026-01-30 01:18:19,,Travel,1,4,5,3,5,1,1.0,True,"Late-night transaction, Rare device usage, Very high fraud probability"
536,23,667.0,NFLS,2026-01-16 08:21:26,Bangalore,IPHONE_Y,2026-01-16 08:21:28,,Subscriptions,8,4,4,0,3,0,0.0,False,
537,26,3291.0,NETFLX,2026-02-02 09:53:48,Mumbai,IPHONE_X,2026-02-02 09:53:50,,Subscriptions,9,0,4,3,2,0,0.0,False,
538,2,1975.0,AMZN*ORD,2026-01-11 13:52:24,Delhi,ANDROID_B2,2026-01-11 13:52:26,,Shopping,13,6,3,1,1,0,0.0,False,
539,4,1864.0,UPI DR,2026-01-18 15:29:47,Delhi,ANDROID_A1,2026-01-18 15:29:49,,Other,15,6,2,1,0,0,0.0,False,
540,17,2841.0,UPI DR,2026-01-23 17:40:46,Delhi,IPHONE_X,2026-01-23 17:40:48,,Other,17,4,2,1,2,0,0.0,False,
541,24,2021.0,MOVIE TKT,2025-12-28 17:56:03,Mumbai,ANDROID_B2,2025-12-28 17:56:05,,Entertainment,17,6,0,3,1,0,0.0,False,
542,4,735.0,RPD AUTO,2025-12-24 16:50:15,Delhi,ANDROID_A1,2025-12-24 16:50:17,,Subscriptions,16,2,4,1,0,0,0.0,False,
543,2,684.0,BOOKMY,2026-01-12 19:10:31,Delhi,ANDROID_A1,2026-01-12 19:10:33,,Entertainment,19,0,0,1,0,0,0.0,False,
544,22,3161.0,INOX,2025-12-29 09:41:09,Hyderabad,ANDROID_A1,2025-12-29 09:41:11,,Subscriptions,9,0,4,2,0,0,0.0,False,
545,26,1347.0,SWIG INST,2026-01-19 19:01:44,Pune,IPHONE_Y,2026-01-19 19:01:46,,Food,19,0,1,4,3,0,0.0,False,
546,12,211.0,UPI DR,2025-12-03 23:18:34,Pune,IPHONE_Y,2025-12-03 23:18:36,,Other,23,2,2,4,3,0,0.0,False,
547,7,1375.0,PVR CIN,2025-11-28 22:58:55,Hyderabad,IPHONE_X,2025-11-28 22:58:57,,Entertainment,22,4,0,2,2,0,0.0,False,
548,6,1261.0,ZMT*DEL,2025-12-16 16:00:49,Hyderabad,IPHONE_X,2025-12-16 16:00:51,,Food,16,1,1,2,2,0,0.0,False,
549,13,2588.0,UPI DR,2026-01-02 19:46:04,Hyderabad,ANDROID_B2,2026-01-02 19:46:06,,Other,19,4,2,2,1,0,0.0,False,
550,27,2087.0,SPTFY,2026-01-02 12:26:41,Bangalore,IPHONE_X,2026-01-02 12:26:43,,Subscriptions,12,4,4,0,2,0,0.0,False,
551,4,229.0,ZMT*DEL,2026-02-08 12:12:06,Pune,ANDROID_B2,2026-02-08 12:12:08,,Food,12,6,1,4,1,0,0.0,False,
552,7,3475.0,ZMT ORD,2025-12-07 20:39:44,Hyderabad,IPHONE_Y,2025-12-07 20:39:46,,Food,20,6,1,2,3,0,0.0,False,
553,9,2990.0,ZOM FOOD,2026-01-17 10:41:31,Delhi,ANDROID_A1,2026-01-17 10:41:33,,Food,10,5,1,1,0,0,0.0,False,
554,15,3095.0,UNKNOWN TXN,2026-02-05 21:52:39,Bangalore,IPHONE_X,2026-02-05 21:52:41,,Subscriptions,21,3,4,0,2,0,0.0,False,
555,17,369.0,ZMT ORD,2026-01-31 14:46:14,Hyderabad,ANDROID_A1,2026-01-31 14:46:16,,Food,14,5,1,2,0,0,0.0,False,
556,13,1068.0,OLA CABS,2026-01-30 13:49:40,Hyderabad,IPHONE_Y,2026-01-30 13:49:42,,Travel,13,4,5,2,3,0,0.0,False,
557,12,1799.0,MISC PAY,2026-01-20 11:35:25,Hyderabad,ANDROID_B2,2026-01-20 11:35:27,,Other,11,1,2,2,1,0,0.0,False,
558,11,2507.0,UPI DR,2026-01-03 22:35:20,Bangalore,IPHONE_X,2026-01-03 22:35:22,,Other,22,5,2,0,2,0,0.0,False,
559,14,1374.0,MISC PAY,2025-12-26 15:49:35,Bangalore,ANDROID_B2,2025-12-26 15:49:37,,Other,15,4,2,0,1,0,0.0,False,
560,12,50.0,SPOT SUB,2025-11-28 09:01:33,Mumbai,IPHONE_X,2025-11-28 09:01:35,,Subscriptions,9,4,4,3,2,0,0.0,False,
561,29,958.0,AMZN MKTP,2026-02-10 14:49:52,Bangalore,IPHONE_X,2026-02-10 14:49:54,,Shopping,14,1,3,0,2,0,0.0,False,
562,30,2391.0,MOVIE TKT,2026-02-08 12:29:22,Mumbai,ANDROID_A1,2026-02-08 12:29:24,,Entertainment,12,6,0,3,0,0,0.0,False,
563,5,1073.0,AMAZON PAY,2026-01-05 15:05:36,Pune,IPHONE_X,2026-01-05 15:05:38,,Shopping,15,0,3,4,2,0,0.0,False,
564,19,3297.0,UBR TRIP,2025-12-12 23:52:57,Hyderabad,ANDROID_B2,2025-12-12 23:52:59,,Travel,23,4,5,2,1,0,0.0,False,
565,27,203.0,ZMT*DEL,2026-02-05 20:58:49,Bangalore,ANDROID_A1,2026-02-05 20:58:51,,Food,20,3,1,0,0,0,0.0,False,
566,12,543.0,SPOT SUB,2025-11-23 15:49:40,Pune,ANDROID_A1,2025-11-23 15:49:42,,Subscriptions,15,6,4,4,0,0,0.0,False,
567,2,60384.0,FKRT BUY,2025-12-10 02:44:14,Mumbai,NEW_DEVICE_3,2025-12-10 02:44:16,,Shopping,2,2,3,3,6,1,1.0,True,"High transaction amount, Late-night transaction, Rare device usage, Very high fraud probability"
568,2,3133.0,MISC PAY,2025-12-19 10:18:50,Pune,ANDROID_B2,2025-12-19 10:18:52,,Other,10,4,2,4,1,0,0.0,False,
569,5,2390.0,UBER *RIDE,2026-01-10 09:05:25,Hyderabad,IPHONE_Y,2026-01-10 09:05:27,,Travel,9,5,5,2,3,0,0.0,False,
570,14,2019.0,UPI DR,2025-12-24 14:41:36,Mumbai,IPHONE_Y,2025-12-24 14:41:38,,Other,14,2,2,3,3,0,0.0,False,
571,18,343.0,MOVIE TKT,2026-01-02 16:43:59,Hyderabad,IPHONE_Y,2026-01-02 16:44:01,,Entertainment,16,4,0,2,3,0,0.0,False,
572,3,1476.0,SWIGGY #123,2025-12-30 14:38:41,Delhi,IPHONE_X,2025-12-30 14:38:43,,Food,14,1,1,1,2,0,0.0,False,
573,25,2574.0,FLPKRT,2025-12-18 22:02:59,Mumbai,ANDROID_B2,2025-12-18 22:03:01,,Shopping,22,3,3,3,1,0,0.0,False,
574,7,3033.0,BANK TX,2026-02-06 10:15:39,Mumbai,ANDROID_A1,2026-02-06 10:15:41,,Other,10,4,2,3,0,0,0.0,False,
575,28,3344.0,AMZN MKTP,2025-12-17 11:30:01,Bangalore,IPHONE_X,2025-12-17 11:30:03,,Shopping,11,2,3,0,2,0,0.0,False,
576,7,2193.0,UPI DR,2025-11-25 16:46:09,Delhi,IPHONE_Y,2025-11-25 16:46:11,,Other,16,1,2,1,3,0,0.0,False,
577,13,36162.0,MOVIE TKT,2026-01-18 01:50:44,Hyderabad,NEW_DEVICE_3,2026-01-18 01:50:46,,Entertainment,1,6,0,2,6,1,0.985,True,"Late-night transaction, Rare device usage, Very high fraud probability"
578,9,84.0,SWIGGY #123,2025-11-20 10:17:42,Bangalore,IPHONE_Y,2025-11-20 10:17:44,,Food,10,3,1,0,3,0,0.0,False,
579,28,2709.0,ZMT ORD,2025-12-26 20:32:45,Delhi,ANDROID_B2,2025-12-26 20:32:47,,Food,20,4,1,1,1,0,0.0,False,
580,29,2227.0,AMZN*ORD,2026-01-18 10:32:29,Hyderabad,ANDROID_B2,2026-01-18 10:32:31,,Shopping,10,6,3,2,1,0,0.0,False,
581,30,59695.0,UNKNOWN TXN,2025-12-12 03:25:47,Mumbai,NEW_DEVICE_3,2025-12-12 03:25:49,,Subscriptions,3,4,4,3,6,1,1.0,True,"High transaction amount, Late-night transaction, Rare device usage, Very high fraud probability"
582,1,1288.0,AMAZON PAY,2026-02-05 15:40:16,Pune,IPHONE_X,2026-02-05 15:40:18,,Shopping,15,3,3,4,2,0,0.0,False,
583,29,973.0,ZMT*DEL,2025-12-24 12:42:08,Delhi,IPHONE_X,2025-12-24 12:42:10,,Food,12,2,1,1,2,0,0.0,False,
584,24,2558.0,PRIME VID,2026-01-13 15:36:09,Pune,IPHONE_Y,2026-01-13 15:36:11,,Subscriptions,15,1,4,4,3,0,0.0,False,
585,10,589.0,INOX,2025-11-30 14:34:43,Mumbai,ANDROID_B2,2025-11-30 14:34:45,,Subscriptions,14,6,4,3,1,0,0.0,False,
586,28,2195.0,UBER *RIDE,2026-01-25 12:41:59,Hyderabad,IPHONE_Y,2026-01-25 12:42:01,,Travel,12,6,5,2,3,0,0.0,False,
587,30,59928.0,UBER *RIDE,2026-01-03 01:53:56,Mumbai,NEW_DEVICE_2,2026-01-03 01:53:58,,Travel,1,5,5,3,5,1,1.0,True,"High transaction amount, Late-night transaction, Rare device usage, Very high fraud probability"
588,24,1745.0,ZOM FOOD,2025-12-18 21:47:59,Bangalore,IPHONE_X,2025-12-18 21:48:01,,Food,21,3,1,0,2,0,0.0,False,
589,5,157.0,UBR TRIP,2025-11-28 16:14:14,Delhi,ANDROID_B2,2025-11-28 16:14:16,,Travel,16,4,5,1,1,0,0.0,False,
590,12,2526.0,SWIGGY #123,2026-01-20 23:54:24,Pune,IPHONE_X,2026-01-20 23:54:26,,Food,23,1,1,4,2,0,0.0,False,
591,16,182.0,OLA CABS,2026-01-09 21:26:14,Mumbai,ANDROID_A1,2026-01-09 21:26:16,,Travel,21,4,5,3,0,0,0.0,False,
592,25,1849.0,UBR TRIP,2025-12-16 23:56:15,Pune,IPHONE_X,2025-12-16 23:56:17,,Travel,23,1,5,4,2,0,0.0,False,
593,13,1608.0,ZMT*DEL,2025-11-26 18:47:36,Hyderabad,IPHONE_Y,2025-11-26 18:47:38,,Food,18,2,1,2,3,0,0.0,False,
594,18,1899.0,MOV TIX,2026-01-12 22:33:34,Pune,ANDROID_A1,2026-01-12 22:33:36,,Entertainment,22,0,0,4,0,0,0.0,False,
595,24,3184.0,ZMT*DEL,2026-01-06 09:28:25,Bangalore,ANDROID_B2,2026-01-06 09:28:27,,Food,9,1,1,0,1,0,0.0,False,
596,25,1255.0,AMZN*ORD,2025-12-15 09:53:41,Pune,ANDROID_B2,2025-12-15 09:53:43,,Shopping,9,0,3,4,1,0,0.0,False,
597,3,2447.0,UNKNOWN TXN,2025-12-22 12:20:28,Delhi,IPHONE_Y,2025-12-22 12:20:30,,Subscriptions,12,0,4,1,3,0,0.0,False,
598,6,877.0,PRIME VID,2026-01-11 22:20:44,Mumbai,ANDROID_A1,2026-01-11 22:20:46,,Subscriptions,22,6,4,3,0,0,0.0,False,
599,23,2942.0,UNKNOWN TXN,2026-02-02 22:33:45,Pune,IPHONE_X,2026-02-02 22:33:47,,Subscriptions,22,0,4,4,2,0,0.0,False,
600,24,1601.0,MOVIE TKT,2026-01-22 20:58:21,Hyderabad,ANDROID_A1,2026-01-22 20:58:23,,Entertainment,20,3,0,2,0,0,0.0,False,
